인덱스,평가자,피평가자,잘하는 점,개선할 점,직무 능력,의사소통,품위/매너,팀 스피릿,책임감,비문_여부,잘하는 점_순화,개선할 점_순화
1,김철수,이영희,이영희 대리는 업무 처리 능력이 탁월합니다. 특히 복잡한 데이터 분석 작업을 신속하고 정확하게 처리하는 모습이 인상적입니다. 또한 팀 내 분위기 메이커 역할도 톡톡히 해내고 있어 팀 전체의 사기 진작에 큰 도움이 되고 있습니다.,가끔 업무에 너무 몰두한 나머지 주변 동료들과의 소통이 부족할 때가 있습니다. 특히 자신의 업무 진행 상황을 공유하는 빈도가 낮아 팀 전체의 업무 조율에 어려움을 겪는 경우가 있습니다. 정기적인 업무 공유 시간을 가지면 좋을 것 같습니다.,5,3,4,4,5,0,이영희 대리는 업무 처리 능력이 탁월합니다. 특히 복잡한 데이터 분석 작업을 신속하고 정확하게 처리하는 모습이 인상적입니다. 또한 팀 내 분위기 메이커 역할도 톡톡히 해내고 있어 팀 전체의 사기 진작에 큰 도움이 되고 있습니다.,가끔 업무에 너무 몰두한 나머지 주변 동료들과의 소통이 부족할 때가 있습니다. 특히 자신의 업무 진행 상황을 공유하는 빈도가 낮아 팀 전체의 업무 조율에 어려움을 겪는 경우가 있습니다. 정기적인 업무 공유 시간을 가지면 좋을 것 같습니다.
2,김철수,박지성,"박지성 과장은 리더십이 뛰어납니다. 항상 명확한 방향성을 제시하고, 팀원들의 의견을 경청하며 합리적인 의사결정을 내립니다. 특히 위기 상황에서 침착하게 대처하는 모습이 인상적입니다.",때로는 너무 완벽주의적인 성향으로 인해 의사결정이 지연되는 경우가 있습니다. 또한 업무 위임을 좀 더 적극적으로 할 필요가 있어 보입니다. 팀원들의 성장을 위해 좀 더 많은 기회를 제공하면 좋을 것 같습니다.,4,5,5,4,5,0,"박지성 과장은 리더십이 뛰어납니다. 항상 명확한 방향성을 제시하고, 팀원들의 의견을 경청하며 합리적인 의사결정을 내립니다. 특히 위기 상황에서 침착하게 대처하는 모습이 인상적입니다.",때로는 너무 완벽주의적인 성향으로 인해 의사결정이 지연되는 경우가 있습니다. 또한 업무 위임을 좀 더 적극적으로 할 필요가 있어 보입니다. 팀원들의 성장을 위해 좀 더 많은 기회를 제공하면 좋을 것 같습니다.
3,김철수,최민주,"최민주 사원은 창의력이 뛰어납니다. 항상 새로운 아이디어를 제안하며, 문제 해결 과정에서도 독창적인 접근 방식을 보여줍니다. 또한 학습 의지가 강해 빠르게 성장하고 있습니다.",때로는 너무 이상적인 아이디어를 제안하여 현실성이 부족한 경우가 있습니다. 제안 전에 실현 가능성을 좀 더 꼼꼼히 검토할 필요가 있습니다. 또한 기본적인 업무 프로세스에 대한 이해도를 높일 필요가 있어 보입니다.,4,4,4,5,3,0,"최민주 사원은 창의력이 뛰어납니다. 항상 새로운 아이디어를 제안하며, 문제 해결 과정에서도 독창적인 접근 방식을 보여줍니다. 또한 학습 의지가 강해 빠르게 성장하고 있습니다.",때로는 너무 이상적인 아이디어를 제안하여 현실성이 부족한 경우가 있습니다. 제안 전에 실현 가능성을 좀 더 꼼꼼히 검토할 필요가 있습니다. 또한 기본적인 업무 프로세스에 대한 이해도를 높일 필요가 있어 보입니다.
4,박영수,김미영,일 겁나 잘함ㅋㅋ 진짜 일처리 미친듯이 빠름,좀 쉬엄쉬엄 해도 될 듯ㅋㅋ 번아웃 각ㅋㅋㅋ,5,3,4,3,5,1,업무 수행이 우수하며 과업 처리 속도가 빠르다는 의견이 있음.,업무 과중 방지를 위해 업무 강도와 휴식의 균형을 조정할 필요가 있음.
5,박영수,이준호,준호 매너 개쩜ㅋㅋㅋ 진짜 싸웠는데 한번도 욕한적 없음ㅋㅋ,일은 좀 더 열심히 해주면 안되냐?ㅠㅠ 능력은 있는거 같은데 왜 이러는거야,2,5,5,4,2,1,상대에 대한 배려와 예의가 돋보이며 조직 내 신뢰 형성에 기여한다는 의견이 있음.,일은 좀 더 열심히 해주면 안되냐? 능력은 있는거 같은데 왜 이러는거야는 의견이 있음. (표현 정제됨)
6,박영수,정수빈,수빈이 comunicacion 실화냐ㅋㅋㅋ 말빨 개쩜,근데 말만 하지 말고 좀 행동으로 보여줘라ㅋㅋㅋ,3,5,4,4,2,1,수빈이 comunicacion 실화냐 말빨 개쩜는 의견이 있음. (표현 정제됨),근데 말만 하지 말고 좀 행동으로 보여줘라는 의견이 있음. (표현 정제됨)
7,최지혜,강동원,"강동원 대리는 기술적 전문성이 매우 뛰어납니다. 특히 신기술 도입 및 적용에 있어 탁월한 능력을 보여주고 있으며, 팀 내 기술 교육에도 적극적으로 참여하고 있습니다.",그러나 때로는 기술적 완벽성을 추구한 나머지 프로젝트 일정이 지연되는 경우가 있습니다. 또한 비기술 직군과의 의사소통 시 전문 용어 사용을 자제하고 보다 쉬운 언어로 설명하는 노력이 필요해 보입니다.,5,3,4,4,5,0,"강동원 대리는 기술적 전문성이 매우 뛰어납니다. 특히 신기술 도입 및 적용에 있어 탁월한 능력을 보여주고 있으며, 팀 내 기술 교육에도 적극적으로 참여하고 있습니다.",그러나 때로는 기술적 완벽성을 추구한 나머지 프로젝트 일정이 지연되는 경우가 있습니다. 또한 비기술 직군과의 의사소통 시 전문 용어 사용을 자제하고 보다 쉬운 언어로 설명하는 노력이 필요해 보입니다.
8,최지혜,송혜교,"송혜교 과장은 프로젝트 관리 능력이 뛰어납니다. 복잡한 프로젝트도 체계적으로 관리하며, 리스크 예측 및 대응 능력도 탁월합니다.","다만, 업무 부담을 혼자 떠안으려는 경향이 있어 장기적으로 피로가 누적될 우려가 있습니다. 업무 분배와 위임을 통해 팀원들과 협업하는 방식을 고려해보면 좋을 것 같습니다.",5,4,5,3,5,0,"송혜교 과장은 프로젝트 관리 능력이 뛰어납니다. 복잡한 프로젝트도 체계적으로 관리하며, 리스크 예측 및 대응 능력도 탁월합니다.","다만, 업무 부담을 혼자 떠안으려는 경향이 있어 장기적으로 피로가 누적될 우려가 있습니다. 업무 분배와 위임을 통해 팀원들과 협업하는 방식을 고려해보면 좋을 것 같습니다."
9,최지혜,이민호,"이민호 주임은 고객 응대 능력이 뛰어납니다. 항상 친절하고 전문적인 태도로 고객 만족도를 높이고 있으며, 어려운 상황에서도 침착하게 대처합니다.","하지만 내부 직원들과의 소통에는 다소 소극적인 모습을 보입니다. 팀 내 의사소통 참여도를 높이고, 자신의 의견을 좀 더 적극적으로 개진할 필요가 있어 보입니다.",4,3,5,3,4,0,"이민호 주임은 고객 응대 능력이 뛰어납니다. 항상 친절하고 전문적인 태도로 고객 만족도를 높이고 있으며, 어려운 상황에서도 침착하게 대처합니다.","하지만 내부 직원들과의 소통에는 다소 소극적인 모습을 보입니다. 팀 내 의사소통 참여도를 높이고, 자신의 의견을 좀 더 적극적으로 개진할 필요가 있어 보입니다."
10,정태연,김수현,"김수현 XX, 일은 또라이급으로 잘하네. 진짜 미친 XX 아님? ㅋㅋㅋ",근데 왜 이렇게 성격이 개XX이야? 좀 상냥하게 굴어봐라 XX아,5,1,1,2,5,1,협업 과정에서 긍정적 상호작용이 있었다는 의견이 있음(표현 정제됨).,대인관계 및 협업 태도 측면에서 보다 건설적인 소통이 필요하다는 의견이 있음.
11,정태연,전지현,"와 전지현, 진짜 XX같이 이쁘다 ㅋㅋㅋ 얼굴이 레전드네 ㅋㅋ",근데 일은 좀 해라 XX아. 얼굴값 좀 해라 증말 ㅋㅋㅋ,1,3,5,3,1,1,업무와 직접 관련 없는 표현이 포함되어 삭제함(표현 정제됨).,업무와 직접 관련 없는 표현이 포함되어 삭제함(표현 정제됨).
12,정태연,조인성,"야 조인성, 넌 그냥 적당히만 해도 된다?ㅋㅋㅋ 얼굴이 레전드라서",아 근데 일도 좀 하지? ㅋㅋㅋ 얼굴만 갖고 어디까지 갈래?,2,4,5,3,2,1,업무와 직접 관련 없는 표현이 포함되어 삭제함(표현 정제됨).,업무와 직접 관련 없는 표현이 포함되어 삭제함(표현 정제됨).
13,한미영,오정세,"오정세 책임님은 업무에 대한 책임감이 매우 강하십니다. 맡은 일은 끝까지 완수하시며, 어려운 상황에서도 포기하지 않고 해결책을 찾으려 노력하십니다. 특히 팀원들의 성장을 위해 항상 건설적인 피드백을 해주시는 점이 인상적입니다.","다만, 때로는 너무 완벽을 추구하시다 보니 업무 진행 속도가 다소 느려지는 경향이 있습니다. 또한 본인의 업무 스타일을 팀원들에게 강요하는 듯한 인상을 주어 일부 팀원들이 부담을 느끼는 경우가 있습니다. 조금 더 유연한 태도로 팀원들의 다양성을 인정해 주시면 좋을 것 같습니다.",5,4,4,3,5,0,"오정세 책임님은 업무에 대한 책임감이 매우 강하십니다. 맡은 일은 끝까지 완수하시며, 어려운 상황에서도 포기하지 않고 해결책을 찾으려 노력하십니다. 특히 팀원들의 성장을 위해 항상 건설적인 피드백을 해주시는 점이 인상적입니다.","다만, 때로는 너무 완벽을 추구하시다 보니 업무 진행 속도가 다소 느려지는 경향이 있습니다. 또한 본인의 업무 스타일을 팀원들에게 강요하는 듯한 인상을 주어 일부 팀원들이 부담을 느끼는 경우가 있습니다. 조금 더 유연한 태도로 팀원들의 다양성을 인정해 주시면 좋을 것 같습니다."
14,한미영,이병헌,이병헌 팀장님은 뛰어난 전략적 사고 능력을 가지고 계십니다. 항상 큰 그림을 그리시며 팀의 방향성을 명확히 제시해 주십니다. 또한 외부 이해관계자들과의 협상 능력도 탁월하셔서 팀에 많은 기회를 가져다 주고 계십니다.,그러나 때로는 너무 큰 그림만 그리시다 보니 실무적인 세부사항을 간과하는 경우가 있습니다. 팀원들의 일상적인 업무 고충에 대해 조금 더 귀 기울여 주시면 좋겠습니다. 또한 결정을 내리실 때 좀 더 다양한 의견을 수렴하는 과정을 거치시면 더 좋을 것 같습니다.,5,4,5,4,5,0,이병헌 팀장님은 뛰어난 전략적 사고 능력을 가지고 계십니다. 항상 큰 그림을 그리시며 팀의 방향성을 명확히 제시해 주십니다. 또한 외부 이해관계자들과의 협상 능력도 탁월하셔서 팀에 많은 기회를 가져다 주고 계십니다.,그러나 때로는 너무 큰 그림만 그리시다 보니 실무적인 세부사항을 간과하는 경우가 있습니다. 팀원들의 일상적인 업무 고충에 대해 조금 더 귀 기울여 주시면 좋겠습니다. 또한 결정을 내리실 때 좀 더 다양한 의견을 수렴하는 과정을 거치시면 더 좋을 것 같습니다.
15,한미영,손예진,"손예진 대리는 매우 성실하고 꼼꼼한 업무 태도를 가지고 있습니다. 모든 업무를 정확하게 처리하며, 특히 데이터 관리와 보고서 작성 능력이 뛰어납니다. 또한 팀 내 화합을 위해 노력하는 모습이 보기 좋습니다.",하지만 자신의 의견을 적극적으로 개진하는 데 어려움을 겪는 것 같습니다. 회의 중 좋은 아이디어가 있어도 잘 말씀하지 않으시는 경우가 많아 아쉽습니다. 조금 더 자신감을 가지고 본인의 생각을 표현하셨으면 좋겠습니다. 또한 업무 우선순위 설정 능력을 개선할 필요가 있어 보입니다.,4,3,5,4,5,0,"손예진 대리는 매우 성실하고 꼼꼼한 업무 태도를 가지고 있습니다. 모든 업무를 정확하게 처리하며, 특히 데이터 관리와 보고서 작성 능력이 뛰어납니다. 또한 팀 내 화합을 위해 노력하는 모습이 보기 좋습니다.",하지만 자신의 의견을 적극적으로 개진하는 데 어려움을 겪는 것 같습니다. 회의 중 좋은 아이디어가 있어도 잘 말씀하지 않으시는 경우가 많아 아쉽습니다. 조금 더 자신감을 가지고 본인의 생각을 표현하셨으면 좋겠습니다. 또한 업무 우선순위 설정 능력을 개선할 필요가 있어 보입니다.
16,이동욱,김태희,"김태희 주임의 업무 처리 속도는 정말 놀랍습니다. 마감 기한을 항상 준수하며, 높은 품질의 결과물을 내놓습니다. 특히 프레젠테이션 능력이 뛰어나 고객사와의 미팅에서 항상 좋은 평가를 받고 있습니다.","다만, 때로는 너무 빠른 업무 처리로 인해 세부적인 부분을 놓치는 경우가 있습니다. 조금 더 꼼꼼한 검토 과정을 거치면 더욱 완벽한 결과물을 만들 수 있을 것 같습니다. 또한, 동료들과의 업무 공유를 좀 더 자주 해주셨으면 합니다.",5,4,5,3,5,0,"김태희 주임의 업무 처리 속도는 정말 놀랍습니다. 마감 기한을 항상 준수하며, 높은 품질의 결과물을 내놓습니다. 특히 프레젠테이션 능력이 뛰어나 고객사와의 미팅에서 항상 좋은 평가를 받고 있습니다.","다만, 때로는 너무 빠른 업무 처리로 인해 세부적인 부분을 놓치는 경우가 있습니다. 조금 더 꼼꼼한 검토 과정을 거치면 더욱 완벽한 결과물을 만들 수 있을 것 같습니다. 또한, 동료들과의 업무 공유를 좀 더 자주 해주셨으면 합니다."
17,이동욱,정우성,"정우성 과장님은 팀 내 화합을 위해 항상 노력하십니다. 어려운 상황에서도 긍정적인 마인드로 팀원들을 독려하시며, 갈등 상황을 원만하게 해결하는 능력이 탁월합니다.","하지만 때로는 너무 모든 사람을 만족시키려다 보니 결정을 내리는 데 시간이 오래 걸리는 경향이 있습니다. 때로는 과감한 결단력을 발휘하셨으면 좋겠습니다. 또한, 본인의 업무 부담을 줄이기 위해 업무 위임을 좀 더 적극적으로 하시면 좋을 것 같습니다.",4,5,5,5,4,0,"정우성 과장님은 팀 내 화합을 위해 항상 노력하십니다. 어려운 상황에서도 긍정적인 마인드로 팀원들을 독려하시며, 갈등 상황을 원만하게 해결하는 능력이 탁월합니다.","하지만 때로는 너무 모든 사람을 만족시키려다 보니 결정을 내리는 데 시간이 오래 걸리는 경향이 있습니다. 때로는 과감한 결단력을 발휘하셨으면 좋겠습니다. 또한, 본인의 업무 부담을 줄이기 위해 업무 위임을 좀 더 적극적으로 하시면 좋을 것 같습니다."
18,이동욱,한지민,"한지민 사원은 새로운 기술 습득에 대한 열정이 대단합니다. 항상 최신 트렌드를 파악하고 있으며, 이를 실제 업무에 적용하려는 노력이 돋보입니다. 또한 자신이 습득한 지식을 팀원들과 공유하는 모습이 인상적입니다.","그러나 새로운 것에 대한 열정이 때로는 기존 시스템의 안정성을 간과하게 만드는 경우가 있습니다. 혁신도 중요하지만, 현재 시스템의 유지보수와 안정성도 동등하게 중요하다는 점을 인식했으면 좋겠습니다. 또한 업무의 우선순위 설정 능력을 개선할 필요가 있어 보입니다.",4,4,4,5,3,0,"한지민 사원은 새로운 기술 습득에 대한 열정이 대단합니다. 항상 최신 트렌드를 파악하고 있으며, 이를 실제 업무에 적용하려는 노력이 돋보입니다. 또한 자신이 습득한 지식을 팀원들과 공유하는 모습이 인상적입니다.","그러나 새로운 것에 대한 열정이 때로는 기존 시스템의 안정성을 간과하게 만드는 경우가 있습니다. 혁신도 중요하지만, 현재 시스템의 유지보수와 안정성도 동등하게 중요하다는 점을 인식했으면 좋겠습니다. 또한 업무의 우선순위 설정 능력을 개선할 필요가 있어 보입니다."
19,강수연,박보검,박보검 너 대박이다. 일도 잘하고 얼굴도 잘생기고ㅋㅋ 진짜 완벽 그 자체!,야 너 좀 덜 완벽해도 돼ㅋㅋㅋ 주변 사람들 다 위축되잖아ㅠㅠ,5,5,5,4,5,1,업무와 직접 관련 없는 표현이 포함되어 삭제함(표현 정제됨).,야 너 좀 덜 완벽해도 돼 주변 사람들 다 위축되잖아는 의견이 있음. (표현 정제됨)
20,강수연,송중기,"중기야, 넌 진짜 말을 너무 잘해ㅋㅋㅋ 어떻게 그렇게 말을 예쁘게 하냐?",근데 말만 예쁘게 하지 말고 행동도 좀 예쁘게 해라ㅋㅋ 약속 좀 지키자!,3,5,4,4,2,1,업무와 직접 관련 없는 표현이 포함되어 삭제함(표현 정제됨).,업무와 직접 관련 없는 표현이 포함되어 삭제함(표현 정제됨).
21,강수연,이승기,"승기야, 넌 진짜 열심히 한다! 밤새는 것도 다반사고ㅋㅋ",일 좀 그만해라ㅠㅠ 너 과로사하면 어떡해ㅜㅜ 내가 너무 걱정된다고!!,5,3,4,3,5,0,"승기야, 넌 진짜 열심히 한다! 밤새는 것도 다반사고ㅋㅋ",일 좀 그만해라ㅠㅠ 너 과로사하면 어떡해ㅜㅜ 내가 너무 걱정된다고!!
22,오민석,김사랑,"김사랑 주임은 고객 응대 능력이 탁월합니다. 항상 친절하고 전문적인 태도로 고객들의 신뢰를 얻고 있으며, 어려운 상황에서도 침착하게 대처하는 모습이 인상적입니다.","그러나 내부 직원들과의 소통에는 다소 소극적인 면이 있습니다. 팀 내 의사소통에 좀 더 적극적으로 참여하고, 자신의 의견을 개진하는 데 좀 더 자신감을 가졌으면 좋겠습니다. 또한 업무 처리 속도를 조금 더 높일 필요가 있어 보입니다.",4,3,5,3,4,0,"김사랑 주임은 고객 응대 능력이 탁월합니다. 항상 친절하고 전문적인 태도로 고객들의 신뢰를 얻고 있으며, 어려운 상황에서도 침착하게 대처하는 모습이 인상적입니다.","그러나 내부 직원들과의 소통에는 다소 소극적인 면이 있습니다. 팀 내 의사소통에 좀 더 적극적으로 참여하고, 자신의 의견을 개진하는 데 좀 더 자신감을 가졌으면 좋겠습니다. 또한 업무 처리 속도를 조금 더 높일 필요가 있어 보입니다."
23,오민석,장동건,장동건 부장님은 전략적 사고 능력이 뛰어나십니다. 항상 큰 그림을 그리시며 팀의 장기적인 목표를 설정하고 이를 달성하기 위한 구체적인 계획을 수립하십니다. 또한 외부 이해관계자들과의 협상 능력도 탁월하셔서 팀에 많은 기회를 가져다 주고 계십니다.,"다만, 때로는 너무 큰 그림에만 집중하시다 보니 팀원들의 일상적인 업무 고충을 간과하시는 경우가 있습니다. 팀원들의 소소한 의견이나 어려움에도 귀 기울여 주시면 좋겠습니다. 또한 의사결정 과정에서 좀 더 다양한 의견을 수렴하는 절차를 거치시면 더욱 좋을 것 같습니다.",5,4,5,4,5,0,장동건 부장님은 전략적 사고 능력이 뛰어나십니다. 항상 큰 그림을 그리시며 팀의 장기적인 목표를 설정하고 이를 달성하기 위한 구체적인 계획을 수립하십니다. 또한 외부 이해관계자들과의 협상 능력도 탁월하셔서 팀에 많은 기회를 가져다 주고 계십니다.,"다만, 때로는 너무 큰 그림에만 집중하시다 보니 팀원들의 일상적인 업무 고충을 간과하시는 경우가 있습니다. 팀원들의 소소한 의견이나 어려움에도 귀 기울여 주시면 좋겠습니다. 또한 의사결정 과정에서 좀 더 다양한 의견을 수렴하는 절차를 거치시면 더욱 좋을 것 같습니다."
24,오민석,손예진,"손예진 대리는 데이터 분석 능력이 뛰어납니다. 복잡한 데이터도 빠르고 정확하게 분석하며, 이를 바탕으로 의미 있는 인사이트를 도출해냅니다. 또한 분석 결과를 시각화하는 능력도 탁월해 경영진에게 항상 좋은 평가를 받고 있습니다.",하지만 때로는 데이터에만 너무 집중한 나머지 현장의 실제 상황을 간과하는 경우가 있습니다. 데이터 외에도 현장의 목소리를 듣고 이를 분석에 반영하는 노력이 필요해 보입니다. 또한 팀 프로젝트에서 조금 더 적극적으로 의견을 개진하고 리더십을 발휘했으면 좋겠습니다.,5,3,4,3,4,0,"손예진 대리는 데이터 분석 능력이 뛰어납니다. 복잡한 데이터도 빠르고 정확하게 분석하며, 이를 바탕으로 의미 있는 인사이트를 도출해냅니다. 또한 분석 결과를 시각화하는 능력도 탁월해 경영진에게 항상 좋은 평가를 받고 있습니다.",하지만 때로는 데이터에만 너무 집중한 나머지 현장의 실제 상황을 간과하는 경우가 있습니다. 데이터 외에도 현장의 목소리를 듣고 이를 분석에 반영하는 노력이 필요해 보입니다. 또한 팀 프로젝트에서 조금 더 적극적으로 의견을 개진하고 리더십을 발휘했으면 좋겠습니다.
25,황미래,정해인,정해인 너 대체 뭐냐? 어떻게 그렇게 일을 완벽하게 처리하냐?,아 XX 좀 실수 좀 해라. 넌 기계냐?,5,3,2,2,5,1,정해인 너 대체 뭐냐? 어떻게 그렇게 일을 완벽하게 처리하냐?는 의견이 있음. (표현 정제됨),대인관계 및 협업 태도 측면에서 보다 건설적인 소통이 필요하다는 의견이 있음.
26,황미래,박서준,"야 서준아, 넌 진짜 인성에 문제있다. 그렇게 살지마 XX야.",일은 개XX같이 잘하는데 성격은 왜 그 모양이냐?,5,1,1,1,5,1,협업 과정에서 긍정적 상호작용이 있었다는 의견이 있음(표현 정제됨).,대인관계 및 협업 태도 측면에서 보다 건설적인 소통이 필요하다는 의견이 있음.
27,황미래,김태리,태리야 너 그냥 연예인 해라ㅋㅋㅋ 얼굴이 레전드다 증말,아 근데 일도 좀 하자 응?ㅋㅋ 얼굴값 좀 해봐 XX아,2,4,5,3,2,1,업무와 직접 관련 없는 표현이 포함되어 삭제함(표현 정제됨).,업무와 직접 관련 없는 표현이 포함되어 삭제함(표현 정제됨).
28,임윤아,유승호,유승호 대리는 업무에 대한 열정과 책임감이 매우 강합니다. 어떤 어려운 업무가 주어져도 포기하지 않고 끝까지 해결하려는 의지가 돋보입니다. 특히 야근을 마다하지 않고 끝까지 일을 마무리하는 모습은 다른 팀원들에게도 좋은 본보기가 되고 있습니다.,하지만 때로는 업무에 대한 과도한 몰입으로 인해 건강을 해치는 것이 우려됩니다. work-life balance를 위해 적절한 휴식도 필요하다는 점을 인식했으면 좋겠습니다. 또한 혼자 모든 것을 해결하려고 하기보다는 팀원들과 업무를 분담하고 협업하는 능력을 더 키웠으면 합니다.,5,3,4,3,5,0,유승호 대리는 업무에 대한 열정과 책임감이 매우 강합니다. 어떤 어려운 업무가 주어져도 포기하지 않고 끝까지 해결하려는 의지가 돋보입니다. 특히 야근을 마다하지 않고 끝까지 일을 마무리하는 모습은 다른 팀원들에게도 좋은 본보기가 되고 있습니다.,하지만 때로는 업무에 대한 과도한 몰입으로 인해 건강을 해치는 것이 우려됩니다. work-life balance를 위해 적절한 휴식도 필요하다는 점을 인식했으면 좋겠습니다. 또한 혼자 모든 것을 해결하려고 하기보다는 팀원들과 업무를 분담하고 협업하는 능력을 더 키웠으면 합니다.
29,임윤아,박신혜,"박신혜 과장님은 팀원들을 배려하는 리더십이 돋보입니다. 항상 팀원들의 의견을 경청하고, 개개인의 강점을 살려 업무를 배분하는 능력이 뛰어납니다. 또한 어려운 상황에서도 침착하게 대처하며 팀원들에게 신뢰를 주고 있습니다.","다만, 때로는 너무 팀원들을 배려하다 보니 본인의 업무가 과중되는 경향이 있습니다. 리더로서 적절한 업무 위임과 권한 부여를 통해 본인의 업무 부담을 줄이고, 팀원들의 성장 기회를 제공하는 것도 필요해 보입니다. 또한 회사의 전체적인 방향성과 팀의 목표를 연계하는 능력을 더 키웠으면 좋겠습니다.",4,5,5,5,4,0,"박신혜 과장님은 팀원들을 배려하는 리더십이 돋보입니다. 항상 팀원들의 의견을 경청하고, 개개인의 강점을 살려 업무를 배분하는 능력이 뛰어납니다. 또한 어려운 상황에서도 침착하게 대처하며 팀원들에게 신뢰를 주고 있습니다.","다만, 때로는 너무 팀원들을 배려하다 보니 본인의 업무가 과중되는 경향이 있습니다. 리더로서 적절한 업무 위임과 권한 부여를 통해 본인의 업무 부담을 줄이고, 팀원들의 성장 기회를 제공하는 것도 필요해 보입니다. 또한 회사의 전체적인 방향성과 팀의 목표를 연계하는 능력을 더 키웠으면 좋겠습니다."
30,임윤아,이준기,이준기 주임은 창의적인 문제 해결 능력이 뛰어납니다. 어떤 어려운 상황에서도 항상 새로운 시각으로 접근하여 혁신적인 해결책을 제시합니다. 또한 IT 기술에 대한 깊은 이해를 바탕으로 업무 프로세스 개선에 많은 기여를 하고 있습니다.,"그러나 때로는 너무 이상적인 해결책을 제시하여 현실적인 제약을 간과하는 경우가 있습니다. 혁신적인 아이디어도 중요하지만, 현재의 자원과 환경을 고려한 실행 가능한 방안을 제시하는 능력도 키웠으면 좋겠습니다. 또한 자신의 아이디어를 팀원들에게 설명하고 설득하는 커뮤니케이션 스킬을 더 향상시킬 필요가 있어 보입니다.",5,3,4,4,4,0,이준기 주임은 창의적인 문제 해결 능력이 뛰어납니다. 어떤 어려운 상황에서도 항상 새로운 시각으로 접근하여 혁신적인 해결책을 제시합니다. 또한 IT 기술에 대한 깊은 이해를 바탕으로 업무 프로세스 개선에 많은 기여를 하고 있습니다.,"그러나 때로는 너무 이상적인 해결책을 제시하여 현실적인 제약을 간과하는 경우가 있습니다. 혁신적인 아이디어도 중요하지만, 현재의 자원과 환경을 고려한 실행 가능한 방안을 제시하는 능력도 키웠으면 좋겠습니다. 또한 자신의 아이디어를 팀원들에게 설명하고 설득하는 커뮤니케이션 스킬을 더 향상시킬 필요가 있어 보입니다."
31,김태연,이승기,이승기 씨는 정말 성실해요. 항상 첫 출근이고 마지막 퇴근이에요. 책임감도 강하고 맡은 일은 꼭 해내요.,너무 열심히 하다 보니 가끔 건강이 걱정돼요. 일과 삶의 균형을 좀 더 찾았으면 좋겠어요.,5,4,5,4,5,0,이승기 씨는 정말 성실해요. 항상 첫 출근이고 마지막 퇴근이에요. 책임감도 강하고 맡은 일은 꼭 해내요.,너무 열심히 하다 보니 가끔 건강이 걱정돼요. 일과 삶의 균형을 좀 더 찾았으면 좋겠어요.
32,김태연,윤아인,윤아인 주임은 창의적인 아이디어가 많아요. 프로젝트 회의 때마다 새로운 시각을 제시해줘서 큰 도움이 됩니다.,때론 현실성이 부족한 아이디어를 내기도 해요. 조금 더 실현 가능성을 고려해주면 좋겠어요.,4,5,4,5,3,0,윤아인 주임은 창의적인 아이디어가 많아요. 프로젝트 회의 때마다 새로운 시각을 제시해줘서 큰 도움이 됩니다.,때론 현실성이 부족한 아이디어를 내기도 해요. 조금 더 실현 가능성을 고려해주면 좋겠어요.
33,김태연,조정석,조정석 과장님은 팀원들을 잘 챙겨주세요. 특히 신입 사원들의 적응을 돕는 모습이 인상적입니다.,팀원들을 너무 챙기다 보니 본인 업무가 가끔 밀리는 것 같아요. 업무 분배를 좀 더 효율적으로 했으면 좋겠어요.,4,5,5,5,4,0,조정석 과장님은 팀원들을 잘 챙겨주세요. 특히 신입 사원들의 적응을 돕는 모습이 인상적입니다.,팀원들을 너무 챙기다 보니 본인 업무가 가끔 밀리는 것 같아요. 업무 분배를 좀 더 효율적으로 했으면 좋겠어요.
34,박보영,김수현,김수현 너 진짜 일 개쩔게 잘한다ㅋㅋㅋ 어떻게 그렇게 빨리 처리하냐?,근데 가끔 좀 불손해ㅋㅋ 말투 좀 순화해봐 ㅋㅋㅋ,5,2,2,3,5,1,업무 수행이 우수하며 과업 처리 속도가 빠르다는 의견이 있음.,근데 가끔 좀 불손해 말투 좀 순화해봐는 의견이 있음. (표현 정제됨)
35,박보영,공유,공유 오빠 진짜 말 이쁘게 하네~~ 사람들이랑 어떻게 그렇게 잘 지내?,일은 좀 열심히 해주면 안돼?ㅠㅠ 네 능력에 비해 너무 널널하게 하는 거 아냐?,3,5,5,5,2,0,공유 오빠 진짜 말 이쁘게 하네~~ 사람들이랑 어떻게 그렇게 잘 지내?,일은 좀 열심히 해주면 안돼?ㅠㅠ 네 능력에 비해 너무 널널하게 하는 거 아냐?
36,박보영,한효주,언니 진짜 꼼꼼하다! 보고서 작성할 때 항상 완벽해~,근데 좀 느린 거 없어? 마감 좀 지켜줘ㅠㅠ,4,3,5,4,4,0,언니 진짜 꼼꼼하다! 보고서 작성할 때 항상 완벽해~,근데 좀 느린 거 없어? 마감 좀 지켜줘ㅠㅠ
37,최우식,박서준,박서준 책임님의 리더십은 정말 훌륭합니다. 팀원들의 의견을 경청하고 합리적인 의사결정을 내리십니다. 특히 위기 상황에서의 대처 능력이 뛰어납니다.,"다만, 때로는 의사결정 과정이 지나치게 길어지는 경향이 있습니다. 중요한 사안에 대해서는 좀 더 신속한 결정이 필요할 때도 있습니다.",5,4,5,5,5,0,박서준 책임님의 리더십은 정말 훌륭합니다. 팀원들의 의견을 경청하고 합리적인 의사결정을 내리십니다. 특히 위기 상황에서의 대처 능력이 뛰어납니다.,"다만, 때로는 의사결정 과정이 지나치게 길어지는 경향이 있습니다. 중요한 사안에 대해서는 좀 더 신속한 결정이 필요할 때도 있습니다."
38,최우식,김고은,김고은 대리는 데이터 분석 능력이 뛰어납니다. 복잡한 정보를 명확하게 정리하고 의미 있는 인사이트를 도출해내는 능력이 탁월합니다.,그러나 분석 결과를 팀원들에게 설명할 때 가끔 너무 전문적인 용어를 사용하여 의사소통에 어려움이 있습니다. 좀 더 쉬운 언어로 설명하는 연습이 필요해 보입니다.,5,3,4,4,5,0,김고은 대리는 데이터 분석 능력이 뛰어납니다. 복잡한 정보를 명확하게 정리하고 의미 있는 인사이트를 도출해내는 능력이 탁월합니다.,그러나 분석 결과를 팀원들에게 설명할 때 가끔 너무 전문적인 용어를 사용하여 의사소통에 어려움이 있습니다. 좀 더 쉬운 언어로 설명하는 연습이 필요해 보입니다.
39,최우식,이병헌,이병헌 이사님은 전략적 사고 능력이 뛰어나십니다. 회사의 장기적인 비전을 제시하고 이를 실현하기 위한 구체적인 전략을 수립하는 능력이 탁월합니다.,때로는 너무 큰 그림에만 집중하시다 보니 현장의 실무적인 어려움을 간과하시는 경우가 있습니다. 현장 직원들의 의견에도 좀 더 귀 기울여 주시면 좋겠습니다.,5,4,5,4,5,0,이병헌 이사님은 전략적 사고 능력이 뛰어나십니다. 회사의 장기적인 비전을 제시하고 이를 실현하기 위한 구체적인 전략을 수립하는 능력이 탁월합니다.,때로는 너무 큰 그림에만 집중하시다 보니 현장의 실무적인 어려움을 간과하시는 경우가 있습니다. 현장 직원들의 의견에도 좀 더 귀 기울여 주시면 좋겠습니다.
40,정유미,손예진,-,-,4,5,5,4,3,1,특이사항 없음(서술 미제공).,특이사항 없음(서술 미제공).
41,정유미,강동원,-,-,5,3,4,3,5,1,특이사항 없음(서술 미제공).,특이사항 없음(서술 미제공).
42,정유미,전지현,-,-,5,4,4,4,5,1,특이사항 없음(서술 미제공).,특이사항 없음(서술 미제공).
43,유재석,아이유,아이유 양은 정말 성실하고 꼼꼼합니다. 어떤 작은 업무도 소홀히 하지 않고 최선을 다해 처리하는 모습이 인상적입니다.,"다만, 완벽주의 성향이 강해 업무 처리 속도가 다소 느린 편입니다. 중요도에 따라 업무의 완성도를 조절할 줄 아는 능력을 기르면 좋겠습니다.",4,4,5,4,5,0,아이유 양은 정말 성실하고 꼼꼼합니다. 어떤 작은 업무도 소홀히 하지 않고 최선을 다해 처리하는 모습이 인상적입니다.,"다만, 완벽주의 성향이 강해 업무 처리 속도가 다소 느린 편입니다. 중요도에 따라 업무의 완성도를 조절할 줄 아는 능력을 기르면 좋겠습니다."
44,유재석,조세호,조세호 씨는 팀 분위기 메이커로서 역할을 잘 해내고 있습니다. 어려운 상황에서도 유머로 팀의 사기를 올려주는 능력이 탁월합니다.,하지만 가끔은 너무 장난스러운 태도로 인해 업무의 집중도가 떨어지는 경우가 있습니다. 때와 장소를 가려 유머를 사용했으면 좋겠습니다.,3,5,4,5,3,0,조세호 씨는 팀 분위기 메이커로서 역할을 잘 해내고 있습니다. 어려운 상황에서도 유머로 팀의 사기를 올려주는 능력이 탁월합니다.,하지만 가끔은 너무 장난스러운 태도로 인해 업무의 집중도가 떨어지는 경우가 있습니다. 때와 장소를 가려 유머를 사용했으면 좋겠습니다.
45,유재석,박나래,박나래 님은 창의적인 아이디어가 많고 이를 프로젝트에 잘 적용합니다. 특히 마케팅 전략 수립 시 그녀의 아이디어가 큰 도움이 됩니다.,그러나 때로는 너무 파격적인 아이디어를 내어 현실성이 떨어지는 경우가 있습니다. 회사의 정책과 예산을 좀 더 고려한 제안을 해주었으면 합니다.,4,4,4,5,4,0,박나래 님은 창의적인 아이디어가 많고 이를 프로젝트에 잘 적용합니다. 특히 마케팅 전략 수립 시 그녀의 아이디어가 큰 도움이 됩니다.,그러나 때로는 너무 파격적인 아이디어를 내어 현실성이 떨어지는 경우가 있습니다. 회사의 정책과 예산을 좀 더 고려한 제안을 해주었으면 합니다.
46,김민석,장윤정,장윤정 대리는 고객 응대 능력이 탁월합니다. 어떤 까다로운 상황에서도 침착하게 대처하며 고객 만족도를 높이는 데 큰 기여를 하고 있습니다.,"다만, 내부 직원들과의 소통에는 다소 소극적인 모습을 보입니다. 팀 내 의사소통에 좀 더 적극적으로 참여했으면 좋겠습니다.",5,3,5,3,4,0,장윤정 대리는 고객 응대 능력이 탁월합니다. 어떤 까다로운 상황에서도 침착하게 대처하며 고객 만족도를 높이는 데 큰 기여를 하고 있습니다.,"다만, 내부 직원들과의 소통에는 다소 소극적인 모습을 보입니다. 팀 내 의사소통에 좀 더 적극적으로 참여했으면 좋겠습니다."
47,김민석,이상윤,이상윤 과장은 프로젝트 관리 능력이 뛰어납니다. 복잡한 프로젝트도 체계적으로 관리하며 일정과 품질을 모두 만족시키고 있습니다.,때로는 너무 완벽주의적인 성향으로 인해 팀원들에게 과도한 스트레스를 주는 경향이 있습니다. 조금 더 유연한 태도가 필요해 보입니다.,5,4,4,3,5,0,이상윤 과장은 프로젝트 관리 능력이 뛰어납니다. 복잡한 프로젝트도 체계적으로 관리하며 일정과 품질을 모두 만족시키고 있습니다.,때로는 너무 완벽주의적인 성향으로 인해 팀원들에게 과도한 스트레스를 주는 경향이 있습니다. 조금 더 유연한 태도가 필요해 보입니다.
48,김민석,황정민,황정민 주임은 기술적 전문성이 매우 뛰어납니다. 새로운 기술 도입과 적용에 있어 항상 선도적인 역할을 하고 있습니다.,그러나 때로는 기술적인 측면에만 너무 집중한 나머지 비즈니스적인 요구사항을 간과하는 경우가 있습니다. 균형 잡힌 시각이 필요해 보입니다.,5,3,4,4,4,0,황정민 주임은 기술적 전문성이 매우 뛰어납니다. 새로운 기술 도입과 적용에 있어 항상 선도적인 역할을 하고 있습니다.,그러나 때로는 기술적인 측면에만 너무 집중한 나머지 비즈니스적인 요구사항을 간과하는 경우가 있습니다. 균형 잡힌 시각이 필요해 보입니다.
49,박서연,김우빈,우빈이 너 진짜 일 겁나 잘한다ㅋㅋ 어떻게 그렇게 빨리 처리해?,근데 말이 좀 거칠지 않냐?ㅋㅋ 고객들한테 그러다 욕먹을라ㅋㅋㅋ,5,2,3,4,5,1,업무 수행이 우수하며 과업 처리 속도가 빠르다는 의견이 있음.,근데 말이 좀 거칠지 않냐? 고객들한테 그러다 욕먹을라는 의견이 있음. (표현 정제됨)
50,박서연,한가인,가인 언니 진짜 분위기 메이커네~ 회식 때마다 없어서는 안 될 존재ㅋㅋ,근데 일은 좀 열심히 해줘라ㅠㅠ 너무 노는 데만 집중하는 거 아니야?,2,5,5,5,2,0,가인 언니 진짜 분위기 메이커네~ 회식 때마다 없어서는 안 될 존재ㅋㅋ,근데 일은 좀 열심히 해줘라ㅠㅠ 너무 노는 데만 집중하는 거 아니야?
51,박서연,송중기,중기오빠 발표 진짜 잘하더라~ 어떻게 그렇게 말을 잘해?,발표 준비하는 시간에 실제 업무도 좀 신경 썼으면 좋겠어ㅠㅠ,3,5,5,4,3,0,중기오빠 발표 진짜 잘하더라~ 어떻게 그렇게 말을 잘해?,발표 준비하는 시간에 실제 업무도 좀 신경 썼으면 좋겠어ㅠㅠ
52,최동훈,김태리,괜찮음,괜찮음,5,3,4,3,5,0,괜찮음,괜찮음
53,최동훈,이병헌,괜찮음,괜찮음,5,4,5,4,5,0,괜찮음,괜찮음
54,최동훈,손예진,보통,보통,4,5,5,5,4,1,특이사항 없음(서술 미제공).,특이사항 없음(서술 미제공).
55,정우성,한지민,한지민 책임의 리더십은 정말 훌륭합니다. 팀원들의 의견을 존중하면서도 명확한 방향성을 제시하는 능력이 뛰어납니다.,"다만, 가끔 우유부단한 모습을 보일 때가 있습니다. 중요한 결정에서는 좀 더 과감한 판단력을 보여주셨으면 좋겠습니다.",4,5,5,5,4,0,한지민 책임의 리더십은 정말 훌륭합니다. 팀원들의 의견을 존중하면서도 명확한 방향성을 제시하는 능력이 뛰어납니다.,"다만, 가끔 우유부단한 모습을 보일 때가 있습니다. 중요한 결정에서는 좀 더 과감한 판단력을 보여주셨으면 좋겠습니다."
56,정우성,조인성,조인성 대리의 창의력은 정말 대단합니다. 항상 새로운 아이디어로 프로젝트에 활력을 불어넣습니다.,하지만 때로는 현실성이 떨어지는 제안을 하기도 합니다. 아이디어의 실현 가능성을 좀 더 고려했으면 좋겠습니다.,4,4,4,5,3,1,협업 과정에서 긍정적 상호작용이 있었다는 의견이 있음(표현 정제됨).,하지만 때로는 현실성이 떨어지는 제안을 하기도 합니다. 아이디어의 실현 가능성을 좀 더 고려했으면 좋겠습니다. (표현 정제됨)
57,정우성,김혜수,김혜수 과장은 업무 처리 속도가 매우 빠릅니다. 어떤 급한 업무라도 항상 기한 내에 처리해냅니다.,그러나 속도에 비해 결과물의 완성도가 떨어질 때가 있습니다. 조금 더 꼼꼼한 검토 과정이 필요해 보입니다.,4,4,4,4,5,0,김혜수 과장은 업무 처리 속도가 매우 빠릅니다. 어떤 급한 업무라도 항상 기한 내에 처리해냅니다.,그러나 속도에 비해 결과물의 완성도가 떨어질 때가 있습니다. 조금 더 꼼꼼한 검토 과정이 필요해 보입니다.
58,이나영,차은우,차은우 님은 고객 응대 능력이 정말 뛰어나세요. 어떤 어려운 고객도 은우 님이 응대하면 만족하고 돌아가요.,"다만, 가끔 고객의 무리한 요구사항도 들어주려다 회사 규정을 어기는 경우가 있어요. 규정 내에서의 최선을 다하는 것도 중요하답니다.",4,5,5,4,3,0,차은우 님은 고객 응대 능력이 정말 뛰어나세요. 어떤 어려운 고객도 은우 님이 응대하면 만족하고 돌아가요.,"다만, 가끔 고객의 무리한 요구사항도 들어주려다 회사 규정을 어기는 경우가 있어요. 규정 내에서의 최선을 다하는 것도 중요하답니다."
59,이나영,박보검,보검 씨는 팀 분위기 메이커에요. 항상 밝고 긍정적인 에너지로 팀의 사기를 올려주죠.,하지만 가끔은 업무 시간에 너무 농담만 하는 것 같아요. 때와 장소를 가려 행동했으면 좋겠어요.,3,5,4,5,3,0,보검 씨는 팀 분위기 메이커에요. 항상 밝고 긍정적인 에너지로 팀의 사기를 올려주죠.,하지만 가끔은 업무 시간에 너무 농담만 하는 것 같아요. 때와 장소를 가려 행동했으면 좋겠어요.
60,이나영,수지,수지 씨는 업무 집중력이 대단해요. 한 번 일을 시작하면 끝날 때까지 집중해서 훌륭한 결과물을 만들어내죠.,그런데 가끔 너무 일에만 몰두해서 주변 동료들과의 소통을 소홀히 할 때가 있어요. 팀워크도 중요하다는 걸 기억해주세요.,5,3,4,3,5,0,수지 씨는 업무 집중력이 대단해요. 한 번 일을 시작하면 끝날 때까지 집중해서 훌륭한 결과물을 만들어내죠.,그런데 가끔 너무 일에만 몰두해서 주변 동료들과의 소통을 소홀히 할 때가 있어요. 팀워크도 중요하다는 걸 기억해주세요.
61,강동원,전지현,"전지현 과장, 당신의 프레젠테이션 능력은 정말 놀랍습니다. 어떤 복잡한 내용도 명확하게 전달하는 모습이 인상적입니다.",하지만 때로는 너무 말로만 잘 하고 실제 행동이 따르지 않는 경우가 있습니다. 말한 대로 실천하는 모습을 보여주세요.,4,5,4,4,3,0,"전지현 과장, 당신의 프레젠테이션 능력은 정말 놀랍습니다. 어떤 복잡한 내용도 명확하게 전달하는 모습이 인상적입니다.",하지만 때로는 너무 말로만 잘 하고 실제 행동이 따르지 않는 경우가 있습니다. 말한 대로 실천하는 모습을 보여주세요.
62,강동원,공유,"공유 님, 당신의 창의성과 혁신적인 사고방식은 우리 팀의 큰 자산입니다. 항상 새로운 시각으로 문제에 접근하시는 모습이 훌륭합니다.","다만, 때로는 너무 이상적인 해결책을 제시하여 현실적인 제약을 간과하는 경우가 있습니다. 현실성을 조금 더 고려해주시면 좋겠습니다.",5,4,5,4,4,0,"공유 님, 당신의 창의성과 혁신적인 사고방식은 우리 팀의 큰 자산입니다. 항상 새로운 시각으로 문제에 접근하시는 모습이 훌륭합니다.","다만, 때로는 너무 이상적인 해결책을 제시하여 현실적인 제약을 간과하는 경우가 있습니다. 현실성을 조금 더 고려해주시면 좋겠습니다."
63,강동원,김태희,"김태희 주임, 당신의 꼼꼼함과 정확성은 정말 대단합니다. 특히 재무 관련 업무에서 당신의 능력은 필수적입니다.",그러나 가끔은 너무 세세한 것에 집착하여 전체적인 흐름을 놓치는 경우가 있습니다. 큰 그림을 보는 능력도 기르시면 좋겠습니다.,5,3,5,3,5,0,"김태희 주임, 당신의 꼼꼼함과 정확성은 정말 대단합니다. 특히 재무 관련 업무에서 당신의 능력은 필수적입니다.",그러나 가끔은 너무 세세한 것에 집착하여 전체적인 흐름을 놓치는 경우가 있습니다. 큰 그림을 보는 능력도 기르시면 좋겠습니다.
64,이정재,한효주,한효주 책임님 진짜 일 잘하시네요ㅋㅋ 어떻게 그렇게 꼼꼼하게 처리하세요?,근데 가끔 너무 꼼꼼해서 일이 느려질 때가 있어요. 좀 더 효율적으로 일했으면 좋겠어요ㅎㅎ,5,4,5,4,5,0,한효주 책임님 진짜 일 잘하시네요ㅋㅋ 어떻게 그렇게 꼼꼼하게 처리하세요?,근데 가끔 너무 꼼꼼해서 일이 느려질 때가 있어요. 좀 더 효율적으로 일했으면 좋겠어요ㅎㅎ
65,이정재,류승룡,승룡이형 진짜 말빨 쩔어요ㅋㅋㅋ 어떻게 그렇게 설득을 잘해요?,근데 일은 좀 제대로 해주셨으면ㅠㅠ 말만 하지 말고 실천도 좀...,3,5,4,4,2,1,승룡이형 진짜 말빨 쩔어요 어떻게 그렇게 설득을 잘해요?는 의견이 있음. (표현 정제됨),근데 일은 좀 제대로 해주셨으면 말만 하지 말고 실천도 좀는 의견이 있음. (표현 정제됨)
66,이정재,임수정,수정씨 진짜 열정 넘치네요! 항상 신나게 일하는 모습이 보기 좋아요.,가끔은 너무 열정적이라 다른 사람들 페이스에 맞추기 힘들 때가 있어요. 조금만 조절해주세요ㅎㅎ,4,4,4,5,5,0,수정씨 진짜 열정 넘치네요! 항상 신나게 일하는 모습이 보기 좋아요.,가끔은 너무 열정적이라 다른 사람들 페이스에 맞추기 힘들 때가 있어요. 조금만 조절해주세요ㅎㅎ
67,김지훈,이미경,이미경 과장은 프로젝트 관리 능력이 탁월합니다. 복잡한 프로젝트도 체계적으로 관리하며 일정과 예산을 정확히 통제합니다.,때로는 너무 엄격한 관리로 인해 팀원들이 스트레스를 받는 경우가 있습니다. 조금 더 유연한 접근이 필요해 보입니다.,5,4,4,3,5,0,이미경 과장은 프로젝트 관리 능력이 탁월합니다. 복잡한 프로젝트도 체계적으로 관리하며 일정과 예산을 정확히 통제합니다.,때로는 너무 엄격한 관리로 인해 팀원들이 스트레스를 받는 경우가 있습니다. 조금 더 유연한 접근이 필요해 보입니다.
68,김지훈,박성준,박성준 대리는 기술적 전문성이 뛰어납니다. 새로운 기술 도입에 적극적이며 팀 내 기술 교육에도 열심히 참여합니다.,하지만 때로는 기술에만 집중한 나머지 비즈니스 측면을 간과하는 경우가 있습니다. 기술과 비즈니스의 균형을 잡을 필요가 있습니다.,5,3,4,4,4,0,박성준 대리는 기술적 전문성이 뛰어납니다. 새로운 기술 도입에 적극적이며 팀 내 기술 교육에도 열심히 참여합니다.,하지만 때로는 기술에만 집중한 나머지 비즈니스 측면을 간과하는 경우가 있습니다. 기술과 비즈니스의 균형을 잡을 필요가 있습니다.
69,김지훈,최영희,최영희 주임은 고객 응대 능력이 뛰어납니다. 항상 친절하고 전문적인 태도로 고객 만족도를 높이고 있습니다.,내부 직원들과의 소통에는 다소 소극적인 모습을 보입니다. 팀 내 의사소통 참여도를 높일 필요가 있습니다.,4,3,5,3,4,0,최영희 주임은 고객 응대 능력이 뛰어납니다. 항상 친절하고 전문적인 태도로 고객 만족도를 높이고 있습니다.,내부 직원들과의 소통에는 다소 소극적인 모습을 보입니다. 팀 내 의사소통 참여도를 높일 필요가 있습니다.
70,이수진,정태호,정태호 너 진짜 일 개쩔게 잘한다ㅋㅋ 어떻게 그렇게 빨리 처리해?,근데 말이 좀 거칠지 않냐?ㅋㅋ 동료들이랑 얘기할 때 좀만 부드럽게 해봐ㅋㅋㅋ,5,2,3,4,5,1,업무 수행이 우수하며 과업 처리 속도가 빠르다는 의견이 있음.,근데 말이 좀 거칠지 않냐? 동료들이랑 얘기할 때 좀만 부드럽게 해봐는 의견이 있음. (표현 정제됨)
71,이수진,강민아,"민아야, 넌 진짜 분위기 메이커다! 회식 때마다 없어서는 안 될 존재ㅋㅋ",근데 일은 좀 열심히 해줘라ㅠㅠ 너무 노는 데만 집중하는 거 아니야?,2,5,5,5,2,0,"민아야, 넌 진짜 분위기 메이커다! 회식 때마다 없어서는 안 될 존재ㅋㅋ",근데 일은 좀 열심히 해줘라ㅠㅠ 너무 노는 데만 집중하는 거 아니야?
72,이수진,윤재철,"재철아, 발표 진짜 잘하더라~ 어떻게 그렇게 말을 잘해?",발표 준비하는 시간에 실제 업무도 좀 신경 썼으면 좋겠어ㅠㅠ,3,5,4,4,3,0,"재철아, 발표 진짜 잘하더라~ 어떻게 그렇게 말을 잘해?",발표 준비하는 시간에 실제 업무도 좀 신경 썼으면 좋겠어ㅠㅠ
73,박준영,김소연,김소연 주임의 데이터 분석 능력은 팀 내에서 최고 수준입니다. 복잡한 데이터도 빠르고 정확하게 분석하여 의미 있는 인사이트를 도출해냅니다.,하지만 분석 결과를 팀원들에게 설명할 때 너무 전문적인 용어를 사용하여 의사소통에 어려움이 있습니다. 좀 더 쉬운 언어로 설명하는 노력이 필요합니다.,5,3,4,3,5,0,김소연 주임의 데이터 분석 능력은 팀 내에서 최고 수준입니다. 복잡한 데이터도 빠르고 정확하게 분석하여 의미 있는 인사이트를 도출해냅니다.,하지만 분석 결과를 팀원들에게 설명할 때 너무 전문적인 용어를 사용하여 의사소통에 어려움이 있습니다. 좀 더 쉬운 언어로 설명하는 노력이 필요합니다.
74,박준영,임동길,임동길 부장님은 전략적 사고 능력이 탁월하십니다. 항상 큰 그림을 그리시며 팀의 장기적인 방향성을 제시해주십니다.,"다만, 때로는 너무 이상적인 목표를 설정하셔서 팀원들이 부담을 느끼는 경우가 있습니다. 현실적인 제약 사항도 고려해 주셨으면 합니다.",5,4,5,4,5,0,임동길 부장님은 전략적 사고 능력이 탁월하십니다. 항상 큰 그림을 그리시며 팀의 장기적인 방향성을 제시해주십니다.,"다만, 때로는 너무 이상적인 목표를 설정하셔서 팀원들이 부담을 느끼는 경우가 있습니다. 현실적인 제약 사항도 고려해 주셨으면 합니다."
75,박준영,장미라,장미라 대리는 팀워크 능력이 뛰어납니다. 항상 동료들을 배려하고 협력적인 태도로 프로젝트를 수행합니다.,그러나 때로는 너무 남의 일에 개입하려다 본인의 업무가 지연되는 경우가 있습니다. 적절한 선 긋기가 필요해 보입니다.,4,5,5,5,4,0,장미라 대리는 팀워크 능력이 뛰어납니다. 항상 동료들을 배려하고 협력적인 태도로 프로젝트를 수행합니다.,그러나 때로는 너무 남의 일에 개입하려다 본인의 업무가 지연되는 경우가 있습니다. 적절한 선 긋기가 필요해 보입니다.
76,최동훈,서지원,서지원 책임의 리더십은 정말 훌륭합니다. 팀원들의 의견을 존중하면서도 명확한 방향성을 제시하는 능력이 뛰어납니다.,"다만, 가끔 우유부단한 모습을 보일 때가 있습니다. 중요한 결정에서는 좀 더 과감한 판단력을 보여주셨으면 좋겠습니다.",4,5,5,5,4,0,서지원 책임의 리더십은 정말 훌륭합니다. 팀원들의 의견을 존중하면서도 명확한 방향성을 제시하는 능력이 뛰어납니다.,"다만, 가끔 우유부단한 모습을 보일 때가 있습니다. 중요한 결정에서는 좀 더 과감한 판단력을 보여주셨으면 좋겠습니다."
77,최동훈,한상우,한상우 대리의 창의력은 정말 대단합니다. 항상 새로운 아이디어로 프로젝트에 활력을 불어넣습니다.,하지만 때로는 현실성이 떨어지는 제안을 하기도 합니다. 아이디어의 실현 가능성을 좀 더 고려했으면 좋겠습니다.,4,4,4,5,3,0,한상우 대리의 창의력은 정말 대단합니다. 항상 새로운 아이디어로 프로젝트에 활력을 불어넣습니다.,하지만 때로는 현실성이 떨어지는 제안을 하기도 합니다. 아이디어의 실현 가능성을 좀 더 고려했으면 좋겠습니다.
78,최동훈,노현주,노현주 과장은 업무 처리 속도가 매우 빠릅니다. 어떤 급한 업무라도 항상 기한 내에 처리해냅니다.,그러나 속도에 비해 결과물의 완성도가 떨어질 때가 있습니다. 조금 더 꼼꼼한 검토 과정이 필요해 보입니다.,4,4,4,4,5,0,노현주 과장은 업무 처리 속도가 매우 빠릅니다. 어떤 급한 업무라도 항상 기한 내에 처리해냅니다.,그러나 속도에 비해 결과물의 완성도가 떨어질 때가 있습니다. 조금 더 꼼꼼한 검토 과정이 필요해 보입니다.
79,정혜원,오승준,오승준 님은 고객 응대 능력이 정말 뛰어나세요. 어떤 어려운 고객도 승준 님이 응대하면 만족하고 돌아가요.,"다만, 가끔 고객의 무리한 요구사항도 들어주려다 회사 규정을 어기는 경우가 있어요. 규정 내에서의 최선을 다하는 것도 중요하답니다.",4,5,5,4,3,0,오승준 님은 고객 응대 능력이 정말 뛰어나세요. 어떤 어려운 고객도 승준 님이 응대하면 만족하고 돌아가요.,"다만, 가끔 고객의 무리한 요구사항도 들어주려다 회사 규정을 어기는 경우가 있어요. 규정 내에서의 최선을 다하는 것도 중요하답니다."
80,정혜원,김동현,동현 씨는 팀 분위기 메이커예요. 항상 밝고 긍정적인 에너지로 팀의 사기를 올려주죠.,하지만 가끔은 업무 시간에 너무 농담만 하는 것 같아요. 때와 장소를 가려 행동했으면 좋겠어요.,3,5,4,5,3,0,동현 씨는 팀 분위기 메이커예요. 항상 밝고 긍정적인 에너지로 팀의 사기를 올려주죠.,하지만 가끔은 업무 시간에 너무 농담만 하는 것 같아요. 때와 장소를 가려 행동했으면 좋겠어요.
81,정혜원,이지연,지연 씨는 업무 집중력이 대단해요. 한 번 일을 시작하면 끝날 때까지 집중해서 훌륭한 결과물을 만들어내죠.,그런데 가끔 너무 일에만 몰두해서 주변 동료들과의 소통을 소홀히 할 때가 있어요. 팀워크도 중요하다는 걸 기억해주세요.,5,3,4,3,5,0,지연 씨는 업무 집중력이 대단해요. 한 번 일을 시작하면 끝날 때까지 집중해서 훌륭한 결과물을 만들어내죠.,그런데 가끔 너무 일에만 몰두해서 주변 동료들과의 소통을 소홀히 할 때가 있어요. 팀워크도 중요하다는 걸 기억해주세요.
82,강민호,백지원,"백지원 과장, 당신의 프레젠테이션 능력은 정말 놀랍습니다. 어떤 복잡한 내용도 명확하게 전달하는 모습이 인상적입니다.",하지만 때로는 너무 말로만 잘 하고 실제 행동이 따르지 않는 경우가 있습니다. 말한 대로 실천하는 모습을 보여주세요.,4,5,4,4,3,0,"백지원 과장, 당신의 프레젠테이션 능력은 정말 놀랍습니다. 어떤 복잡한 내용도 명확하게 전달하는 모습이 인상적입니다.",하지만 때로는 너무 말로만 잘 하고 실제 행동이 따르지 않는 경우가 있습니다. 말한 대로 실천하는 모습을 보여주세요.
83,강민호,조성민,"조성민 님, 당신의 창의성과 혁신적인 사고방식은 우리 팀의 큰 자산입니다. 항상 새로운 시각으로 문제에 접근하시는 모습이 훌륭합니다.","다만, 때로는 너무 이상적인 해결책을 제시하여 현실적인 제약을 간과하는 경우가 있습니다. 현실성을 조금 더 고려해주시면 좋겠습니다.",5,4,5,4,4,0,"조성민 님, 당신의 창의성과 혁신적인 사고방식은 우리 팀의 큰 자산입니다. 항상 새로운 시각으로 문제에 접근하시는 모습이 훌륭합니다.","다만, 때로는 너무 이상적인 해결책을 제시하여 현실적인 제약을 간과하는 경우가 있습니다. 현실성을 조금 더 고려해주시면 좋겠습니다."
84,강민호,윤서영,"윤서영 주임, 당신의 꼼꼼함과 정확성은 정말 대단합니다. 특히 재무 관련 업무에서 당신의 능력은 필수적입니다.",그러나 가끔은 너무 세세한 것에 집착하여 전체적인 흐름을 놓치는 경우가 있습니다. 큰 그림을 보는 능력도 기르시면 좋겠습니다.,5,3,5,3,5,0,"윤서영 주임, 당신의 꼼꼼함과 정확성은 정말 대단합니다. 특히 재무 관련 업무에서 당신의 능력은 필수적입니다.",그러나 가끔은 너무 세세한 것에 집착하여 전체적인 흐름을 놓치는 경우가 있습니다. 큰 그림을 보는 능력도 기르시면 좋겠습니다.
85,임지현,구본철,구본철 책임님 진짜 일 잘하시네요ㅋㅋ 어떻게 그렇게 꼼꼼하게 처리하세요?,근데 가끔 너무 꼼꼼해서 일이 느려질 때가 있어요. 좀 더 효율적으로 일했으면 좋겠어요ㅎㅎ,5,4,5,4,5,0,구본철 책임님 진짜 일 잘하시네요ㅋㅋ 어떻게 그렇게 꼼꼼하게 처리하세요?,근데 가끔 너무 꼼꼼해서 일이 느려질 때가 있어요. 좀 더 효율적으로 일했으면 좋겠어요ㅎㅎ
86,임지현,신동엽,동엽이형 진짜 말빨 쩔어요ㅋㅋㅋ 어떻게 그렇게 설득을 잘해요?,근데 일은 좀 제대로 해주셨으면ㅠㅠ 말만 하지 말고 실천도 좀...,3,5,4,4,2,1,동엽이형 진짜 말빨 쩔어요 어떻게 그렇게 설득을 잘해요?는 의견이 있음. (표현 정제됨),근데 일은 좀 제대로 해주셨으면 말만 하지 말고 실천도 좀는 의견이 있음. (표현 정제됨)
87,임지현,홍서연,서연씨 진짜 열정 넘치네요! 항상 신나게 일하는 모습이 보기 좋아요.,가끔은 너무 열정적이라 다른 사람들 페이스에 맞추기 힘들 때가 있어요. 조금만 조절해주세요ㅎㅎ,4,4,4,5,5,0,서연씨 진짜 열정 넘치네요! 항상 신나게 일하는 모습이 보기 좋아요.,가끔은 너무 열정적이라 다른 사람들 페이스에 맞추기 힘들 때가 있어요. 조금만 조절해주세요ㅎㅎ
88,윤경호,차민서,차민서 대리는 업무 처리 능력이 탁월합니다. 특히 복잡한 데이터 분석을 신속하고 정확하게 수행합니다.,때로는 너무 업무에 몰두하여 팀 내 소통이 부족할 때가 있습니다. 정기적인 업무 공유가 필요해 보입니다.,5,3,4,3,5,0,차민서 대리는 업무 처리 능력이 탁월합니다. 특히 복잡한 데이터 분석을 신속하고 정확하게 수행합니다.,때로는 너무 업무에 몰두하여 팀 내 소통이 부족할 때가 있습니다. 정기적인 업무 공유가 필요해 보입니다.
89,윤경호,강지원,강지원 과장은 팀 리더십이 뛰어납니다. 항상 명확한 방향을 제시하고 팀원들의 의견을 경청합니다.,가끔 완벽주의적 성향으로 의사결정이 지연되는 경우가 있습니다. 더 과감한 결정이 필요할 때도 있습니다.,4,5,5,5,4,0,강지원 과장은 팀 리더십이 뛰어납니다. 항상 명확한 방향을 제시하고 팀원들의 의견을 경청합니다.,가끔 완벽주의적 성향으로 의사결정이 지연되는 경우가 있습니다. 더 과감한 결정이 필요할 때도 있습니다.
90,윤경호,서유진,서유진 주임은 창의적인 문제 해결 능력이 돋보입니다. 항상 새로운 아이디어로 프로젝트에 기여합니다.,때론 현실성이 부족한 제안을 하기도 합니다. 아이디어의 실현 가능성을 좀 더 고려했으면 좋겠습니다.,4,4,4,5,3,0,서유진 주임은 창의적인 문제 해결 능력이 돋보입니다. 항상 새로운 아이디어로 프로젝트에 기여합니다.,때론 현실성이 부족한 제안을 하기도 합니다. 아이디어의 실현 가능성을 좀 더 고려했으면 좋겠습니다.
91,박성민,김도윤,도윤이 너 진짜 일 미친듯이 잘하더라ㅋㅋ 어떻게 그렇게 빨리 처리해?,근데 말투가 좀 거칠지 않냐?ㅋㅋ 동료들이랑 대화할 때 좀만 부드럽게 해봐ㅋㅋㅋ,5,2,3,4,5,1,업무 수행이 우수하며 과업 처리 속도가 빠르다는 의견이 있음.,근데 말투가 좀 거칠지 않냐? 동료들이랑 대화할 때 좀만 부드럽게 해봐는 의견이 있음. (표현 정제됨)
92,박성민,이지은,"지은아, 넌 진짜 분위기 메이커다! 니가 있어서 팀 분위기가 좋아~",근데 일도 좀 열심히 해줘라ㅠㅠ 능력 있는 거 아는데 왜 이러니?,2,5,5,5,2,0,"지은아, 넌 진짜 분위기 메이커다! 니가 있어서 팀 분위기가 좋아~",근데 일도 좀 열심히 해줘라ㅠㅠ 능력 있는 거 아는데 왜 이러니?
93,박성민,정현우,"현우야, 프레젠테이션 진짜 잘하더라~ 어떻게 그렇게 말을 잘해?",발표 준비하는 시간에 실제 업무도 좀 신경 썼으면 좋겠어ㅠㅠ,3,5,4,4,3,0,"현우야, 프레젠테이션 진짜 잘하더라~ 어떻게 그렇게 말을 잘해?",발표 준비하는 시간에 실제 업무도 좀 신경 썼으면 좋겠어ㅠㅠ
94,김태리,최준영,최준영 책임님의 프로젝트 관리 능력은 정말 뛰어납니다. 복잡한 프로젝트도 체계적으로 관리하십니다.,"다만, 때로는 너무 세부적인 것까지 관리하려 하셔서 팀원들의 자율성을 제한할 때가 있습니다.",5,4,4,3,5,0,최준영 책임님의 프로젝트 관리 능력은 정말 뛰어납니다. 복잡한 프로젝트도 체계적으로 관리하십니다.,"다만, 때로는 너무 세부적인 것까지 관리하려 하셔서 팀원들의 자율성을 제한할 때가 있습니다."
95,김태리,오승훈,오승훈 대리는 기술적 전문성이 매우 높습니다. 새로운 기술 도입에 항상 앞장서고 계십니다.,하지만 때로는 기술적인 측면에만 집중하여 비즈니스적 요구사항을 간과하는 경우가 있습니다.,5,3,4,4,4,0,오승훈 대리는 기술적 전문성이 매우 높습니다. 새로운 기술 도입에 항상 앞장서고 계십니다.,하지만 때로는 기술적인 측면에만 집중하여 비즈니스적 요구사항을 간과하는 경우가 있습니다.
96,김태리,임수진,임수진 주임은 고객 응대 능력이 탁월합니다. 항상 친절하고 전문적인 태도로 고객 만족도를 높입니다.,내부 직원들과의 소통에는 다소 소극적입니다. 팀 내 의사소통 참여도를 높일 필요가 있습니다.,4,3,5,3,4,0,임수진 주임은 고객 응대 능력이 탁월합니다. 항상 친절하고 전문적인 태도로 고객 만족도를 높입니다.,내부 직원들과의 소통에는 다소 소극적입니다. 팀 내 의사소통 참여도를 높일 필요가 있습니다.
97,정승원,한지민,한지민 님의 데이터 분석 능력은 정말 뛰어납니다. 복잡한 데이터도 명확한 인사이트를 도출해냅니다.,그러나 분석 결과를 설명할 때 너무 전문적인 용어를 사용하여 의사소통에 어려움이 있습니다.,5,3,4,3,5,0,한지민 님의 데이터 분석 능력은 정말 뛰어납니다. 복잡한 데이터도 명확한 인사이트를 도출해냅니다.,그러나 분석 결과를 설명할 때 너무 전문적인 용어를 사용하여 의사소통에 어려움이 있습니다.
98,정승원,양준서,양준서 부장님은 전략적 사고 능력이 탁월하십니다. 항상 큰 그림을 그리시며 팀을 이끄십니다.,때로는 너무 이상적인 목표를 설정하셔서 팀원들이 부담을 느끼는 경우가 있습니다.,5,4,5,4,5,0,양준서 부장님은 전략적 사고 능력이 탁월하십니다. 항상 큰 그림을 그리시며 팀을 이끄십니다.,때로는 너무 이상적인 목표를 설정하셔서 팀원들이 부담을 느끼는 경우가 있습니다.
99,정승원,구민지,구민지 대리는 팀워크 능력이 뛰어납니다. 항상 동료들을 배려하고 협력적인 태도를 보입니다.,그러나 때로는 너무 남의 일에 개입하려다 본인의 업무가 지연되는 경우가 있습니다.,4,5,5,5,4,0,구민지 대리는 팀워크 능력이 뛰어납니다. 항상 동료들을 배려하고 협력적인 태도를 보입니다.,그러나 때로는 너무 남의 일에 개입하려다 본인의 업무가 지연되는 경우가 있습니다.
100,이진호,신예진,"신예진 책임님, 당신의 리더십은 정말 훌륭합니다. 팀원들의 의견을 존중하면서도 명확한 방향을 제시하십니다.","다만, 가끔 우유부단한 모습을 보이실 때가 있습니다. 중요한 결정에서는 좀 더 과감해지셨으면 좋겠습니다.",4,5,5,5,4,0,"신예진 책임님, 당신의 리더십은 정말 훌륭합니다. 팀원들의 의견을 존중하면서도 명확한 방향을 제시하십니다.","다만, 가끔 우유부단한 모습을 보이실 때가 있습니다. 중요한 결정에서는 좀 더 과감해지셨으면 좋겠습니다."
101,이진호,권도현,권도현 대리의 창의력은 정말 대단합니다. 항상 혁신적인 아이디어로 프로젝트에 기여합니다.,하지만 때로는 현실성이 떨어지는 제안을 하기도 합니다. 실현 가능성을 좀 더 고려해주세요.,4,4,4,5,3,0,권도현 대리의 창의력은 정말 대단합니다. 항상 혁신적인 아이디어로 프로젝트에 기여합니다.,하지만 때로는 현실성이 떨어지는 제안을 하기도 합니다. 실현 가능성을 좀 더 고려해주세요.
102,이진호,홍서연,홍서연 과장은 업무 처리 속도가 매우 빠릅니다. 어떤 급한 업무라도 항상 기한 내에 처리해냅니다.,그러나 속도에 비해 결과물의 완성도가 떨어질 때가 있습니다. 조금 더 꼼꼼한 검토가 필요해 보입니다.,4,4,4,4,5,0,홍서연 과장은 업무 처리 속도가 매우 빠릅니다. 어떤 급한 업무라도 항상 기한 내에 처리해냅니다.,그러나 속도에 비해 결과물의 완성도가 떨어질 때가 있습니다. 조금 더 꼼꼼한 검토가 필요해 보입니다.
103,조민재,백승민,백승민 님은 고객 응대 능력이 정말 뛰어나세요. 어떤 까다로운 고객도 만족시키시더라구요.,"다만, 가끔 고객의 무리한 요구까지 들어주려다 회사 규정을 어기는 경우가 있어요. 규정 준수도 중요해요.",4,5,5,4,3,0,백승민 님은 고객 응대 능력이 정말 뛰어나세요. 어떤 까다로운 고객도 만족시키시더라구요.,"다만, 가끔 고객의 무리한 요구까지 들어주려다 회사 규정을 어기는 경우가 있어요. 규정 준수도 중요해요."
104,조민재,김나윤,나윤 씨는 팀 분위기 메이커예요. 항상 밝고 긍정적인 에너지로 팀을 이끌어주시죠.,하지만 가끔은 업무 시간에 너무 농담만 하는 것 같아요. 때와 장소를 가려 행동했으면 좋겠어요.,3,5,4,5,3,0,나윤 씨는 팀 분위기 메이커예요. 항상 밝고 긍정적인 에너지로 팀을 이끌어주시죠.,하지만 가끔은 업무 시간에 너무 농담만 하는 것 같아요. 때와 장소를 가려 행동했으면 좋겠어요.
105,조민재,장민수,민수 씨는 업무 집중력이 대단해요. 한 번 일을 시작하면 끝날 때까지 집중해서 훌륭한 결과를 내죠.,그런데 가끔 너무 일에만 몰두해서 주변 동료들과의 소통을 소홀히 할 때가 있어요. 팀워크도 중요해요.,5,3,4,3,5,0,민수 씨는 업무 집중력이 대단해요. 한 번 일을 시작하면 끝날 때까지 집중해서 훌륭한 결과를 내죠.,그런데 가끔 너무 일에만 몰두해서 주변 동료들과의 소통을 소홀히 할 때가 있어요. 팀워크도 중요해요.
106,황지영,윤성훈,"성훈 씨, 당신의 프레젠테이션 능력은 정말 놀랍습니다. 복잡한 내용도 쉽게 전달하시더라고요.",하지만 때로는 말만 앞서고 실제 행동이 뒤따르지 않을 때가 있어요. 말한 대로 실천해주세요.,4,5,4,4,3,0,"성훈 씨, 당신의 프레젠테이션 능력은 정말 놀랍습니다. 복잡한 내용도 쉽게 전달하시더라고요.",하지만 때로는 말만 앞서고 실제 행동이 뒤따르지 않을 때가 있어요. 말한 대로 실천해주세요.
107,황지영,남궁민,"남궁민 님, 당신의 창의성과 혁신적인 사고는 우리 팀의 큰 자산입니다. 항상 새로운 아이디어를 주셔서 감사해요.","다만, 때로는 너무 이상적인 해결책을 제시하여 현실성이 떨어질 때가 있어요. 현실적 제약도 고려해주세요.",5,4,5,4,4,0,"남궁민 님, 당신의 창의성과 혁신적인 사고는 우리 팀의 큰 자산입니다. 항상 새로운 아이디어를 주셔서 감사해요.","다만, 때로는 너무 이상적인 해결책을 제시하여 현실성이 떨어질 때가 있어요. 현실적 제약도 고려해주세요."
108,황지영,송하늘,"하늘 씨, 당신의 꼼꼼함과 정확성은 정말 대단합니다. 특히 재무 관련 업무에서 큰 도움이 되고 있어요.",그러나 가끔은 너무 세세한 것에 집착하여 전체적인 흐름을 놓치는 경우가 있어요. 큰 그림도 봐주세요.,5,3,5,3,5,0,"하늘 씨, 당신의 꼼꼼함과 정확성은 정말 대단합니다. 특히 재무 관련 업무에서 큰 도움이 되고 있어요.",그러나 가끔은 너무 세세한 것에 집착하여 전체적인 흐름을 놓치는 경우가 있어요. 큰 그림도 봐주세요.
109,송인섭,홍은지,홍은지 대리는 문서 작성 능력이 탁월합니다. 보고서의 구조와 내용이 항상 명확하고 논리적입니다.,"다만, 때로는 너무 완벽을 추구하다 보니 마감 시간을 놓치는 경우가 있습니다. 시간 관리에 좀 더 신경 써 주셨으면 합니다.",5,4,5,3,4,0,홍은지 대리는 문서 작성 능력이 탁월합니다. 보고서의 구조와 내용이 항상 명확하고 논리적입니다.,"다만, 때로는 너무 완벽을 추구하다 보니 마감 시간을 놓치는 경우가 있습니다. 시간 관리에 좀 더 신경 써 주셨으면 합니다."
110,송인섭,강민석,강민석 과장은 팀 내 갈등 해결 능력이 뛰어납니다. 항상 중립적인 입장에서 문제를 해결하려 노력합니다.,하지만 가끔은 너무 타협적인 태도로 인해 중요한 의사결정이 지연되는 경우가 있습니다. 때로는 과감한 결단도 필요할 것 같습니다.,4,5,5,5,4,0,강민석 과장은 팀 내 갈등 해결 능력이 뛰어납니다. 항상 중립적인 입장에서 문제를 해결하려 노력합니다.,하지만 가끔은 너무 타협적인 태도로 인해 중요한 의사결정이 지연되는 경우가 있습니다. 때로는 과감한 결단도 필요할 것 같습니다.
111,송인섭,임지원,임지원 주임은 새로운 기술 습득 능력이 뛰어납니다. 항상 최신 트렌드를 파악하고 업무에 적용하려 노력합니다.,그러나 때로는 신기술에 너무 집중한 나머지 기존 시스템의 안정성을 간과하는 경우가 있습니다. 새로운 것과 기존의 것 사이의 균형을 잡았으면 좋겠습니다.,5,3,4,4,4,0,임지원 주임은 새로운 기술 습득 능력이 뛰어납니다. 항상 최신 트렌드를 파악하고 업무에 적용하려 노력합니다.,그러나 때로는 신기술에 너무 집중한 나머지 기존 시스템의 안정성을 간과하는 경우가 있습니다. 새로운 것과 기존의 것 사이의 균형을 잡았으면 좋겠습니다.
112,권혜진,노승현,"승현아, 넌 진짜 발표 잘한다ㅋㅋ 어떻게 그렇게 말을 잘해?",근데 실제 업무는 좀 더 신경 썼으면 좋겠어ㅠㅠ 말만 번지르르하면 안 되잖아ㅋㅋ,3,5,4,4,3,0,"승현아, 넌 진짜 발표 잘한다ㅋㅋ 어떻게 그렇게 말을 잘해?",근데 실제 업무는 좀 더 신경 썼으면 좋겠어ㅠㅠ 말만 번지르르하면 안 되잖아ㅋㅋ
113,권혜진,양희수,"희수야, 넌 진짜 성실하다! 항상 제일 먼저 출근하고 마지막에 퇴근하더라~",일 좀 그만해라ㅠㅠ 너 과로사하면 어떡해ㅜㅜ 내가 너무 걱정된다고!!,5,3,4,3,5,0,"희수야, 넌 진짜 성실하다! 항상 제일 먼저 출근하고 마지막에 퇴근하더라~",일 좀 그만해라ㅠㅠ 너 과로사하면 어떡해ㅜㅜ 내가 너무 걱정된다고!!
114,권혜진,조현우,현우 오빠 진짜 리더십 대박이야~ 어떻게 그렇게 팀을 잘 이끌어?,근데 가끔 너무 강압적인 거 아냐? 좀 더 부드럽게 리드해줘ㅠㅠ,5,4,3,4,5,0,현우 오빠 진짜 리더십 대박이야~ 어떻게 그렇게 팀을 잘 이끌어?,근데 가끔 너무 강압적인 거 아냐? 좀 더 부드럽게 리드해줘ㅠㅠ
115,윤재호,서지연,서지연 대리의 고객 응대 능력은 정말 뛰어납니다. 어떤 까다로운 고객도 지연 씨가 응대하면 만족하고 돌아갑니다.,"다만, 내부 직원들과의 소통에는 다소 소극적인 모습을 보입니다. 팀 내에서도 고객들에게 하는 것처럼 적극적으로 소통해 주셨으면 좋겠습니다.",5,3,5,3,4,0,서지연 대리의 고객 응대 능력은 정말 뛰어납니다. 어떤 까다로운 고객도 지연 씨가 응대하면 만족하고 돌아갑니다.,"다만, 내부 직원들과의 소통에는 다소 소극적인 모습을 보입니다. 팀 내에서도 고객들에게 하는 것처럼 적극적으로 소통해 주셨으면 좋겠습니다."
116,윤재호,김동욱,김동욱 과장은 업무 추진력이 매우 뛰어납니다. 어떤 어려운 프로젝트도 끝까지 밀어붙여 성과를 내는 모습이 인상적입니다.,하지만 때로는 너무 강한 추진력 때문에 팀원들이 부담을 느끼는 경우가 있습니다. 팀원들의 페이스도 고려해 주셨으면 합니다.,5,4,3,3,5,0,김동욱 과장은 업무 추진력이 매우 뛰어납니다. 어떤 어려운 프로젝트도 끝까지 밀어붙여 성과를 내는 모습이 인상적입니다.,하지만 때로는 너무 강한 추진력 때문에 팀원들이 부담을 느끼는 경우가 있습니다. 팀원들의 페이스도 고려해 주셨으면 합니다.
117,윤재호,장서윤,장서윤 주임은 항상 밝고 긍정적인 에너지로 팀 분위기를 향상시킵니다. 어려운 상황에서도 유머로 팀원들을 독려하는 모습이 보기 좋습니다.,그러나 가끔은 너무 장난스러운 태도로 인해 업무의 집중도가 떨어지는 경우가 있습니다. 때와 장소를 가려 행동했으면 좋겠습니다.,3,5,4,5,3,0,장서윤 주임은 항상 밝고 긍정적인 에너지로 팀 분위기를 향상시킵니다. 어려운 상황에서도 유머로 팀원들을 독려하는 모습이 보기 좋습니다.,그러나 가끔은 너무 장난스러운 태도로 인해 업무의 집중도가 떨어지는 경우가 있습니다. 때와 장소를 가려 행동했으면 좋겠습니다.
118,이태식,황보라,"황보라 책임은 업무에 대한 책임감이 매우 강합니다. 맡은 일은 반드시 기한 내에 완수하며, 결과물의 품질도 항상 최상입니다.","다만, 완벽주의적 성향이 강해 불필요한 야근을 자주 하는 모습이 보입니다. 업무의 우선순위를 잘 설정하여 효율적으로 일했으면 좋겠습니다.",5,3,4,3,5,0,"황보라 책임은 업무에 대한 책임감이 매우 강합니다. 맡은 일은 반드시 기한 내에 완수하며, 결과물의 품질도 항상 최상입니다.","다만, 완벽주의적 성향이 강해 불필요한 야근을 자주 하는 모습이 보입니다. 업무의 우선순위를 잘 설정하여 효율적으로 일했으면 좋겠습니다."
119,이태식,신동해,신동해 대리는 창의적인 문제 해결 능력이 뛰어납니다. 항상 새로운 시각으로 문제에 접근하여 혁신적인 해결책을 제시합니다.,하지만 때로는 너무 이상적인 해결책을 제시하여 현실성이 떨어지는 경우가 있습니다. 아이디어의 실현 가능성을 좀 더 고려했으면 좋겠습니다.,4,4,4,5,3,0,신동해 대리는 창의적인 문제 해결 능력이 뛰어납니다. 항상 새로운 시각으로 문제에 접근하여 혁신적인 해결책을 제시합니다.,하지만 때로는 너무 이상적인 해결책을 제시하여 현실성이 떨어지는 경우가 있습니다. 아이디어의 실현 가능성을 좀 더 고려했으면 좋겠습니다.
120,이태식,유민지,유민지 주임은 팀워크 능력이 뛰어납니다. 항상 동료들을 배려하고 협력적인 태도로 프로젝트에 임합니다.,그러나 때로는 너무 남의 일에 개입하려다 본인의 업무가 지연되는 경우가 있습니다. 적절한 선 긋기가 필요해 보입니다.,4,5,5,5,4,0,유민지 주임은 팀워크 능력이 뛰어납니다. 항상 동료들을 배려하고 협력적인 태도로 프로젝트에 임합니다.,그러나 때로는 너무 남의 일에 개입하려다 본인의 업무가 지연되는 경우가 있습니다. 적절한 선 긋기가 필요해 보입니다.
121,구자경,남궁선,남궁선 님은 진짜 데이터 분석의 신이에요. 어떤 복잡한 데이터도 척척 해석해내시더라고요.,근데 발표할 때 너무 전문용어만 쓰셔서 가끔 알아듣기 어려워요. 좀 더 쉽게 설명해주시면 좋겠어요.,5,2,4,3,5,0,남궁선 님은 진짜 데이터 분석의 신이에요. 어떤 복잡한 데이터도 척척 해석해내시더라고요.,근데 발표할 때 너무 전문용어만 쓰셔서 가끔 알아듣기 어려워요. 좀 더 쉽게 설명해주시면 좋겠어요.
122,구자경,도진우,"진우 씨는 정말 성실해요. 매일 첫 출근, 마지막 퇴근이에요.",너무 열심히 하다 보니 주변 동료들이랑 소통할 시간이 부족해 보여요. 가끔은 쉬어가면서 일했으면 좋겠어요.,5,2,4,2,5,0,"진우 씨는 정말 성실해요. 매일 첫 출근, 마지막 퇴근이에요.",너무 열심히 하다 보니 주변 동료들이랑 소통할 시간이 부족해 보여요. 가끔은 쉬어가면서 일했으면 좋겠어요.
123,구자경,홍지수,"지수야, 너의 긍정 에너지는 정말 대단해! 네가 있어서 팀 분위기가 항상 밝아.",근데 가끔은 너무 긍정적이라 문제의 심각성을 간과할 때가 있어. 적당히 현실적으로 봐줘야 할 때도 있어!,3,5,5,5,3,0,"지수야, 너의 긍정 에너지는 정말 대단해! 네가 있어서 팀 분위기가 항상 밝아.",근데 가끔은 너무 긍정적이라 문제의 심각성을 간과할 때가 있어. 적당히 현실적으로 봐줘야 할 때도 있어!
124,박세진,임수호,임수호 대리는 프로젝트 관리 능력이 탁월합니다. 복잡한 프로젝트도 체계적으로 관리하여 항상 성공적으로 마무리합니다.,"다만, 때로는 너무 디테일한 부분까지 관리하려다 보니 팀원들의 자율성을 해치는 경우가 있습니다. 큰 그림을 그리는 데 좀 더 집중했으면 좋겠습니다.",5,4,4,3,5,0,임수호 대리는 프로젝트 관리 능력이 탁월합니다. 복잡한 프로젝트도 체계적으로 관리하여 항상 성공적으로 마무리합니다.,"다만, 때로는 너무 디테일한 부분까지 관리하려다 보니 팀원들의 자율성을 해치는 경우가 있습니다. 큰 그림을 그리는 데 좀 더 집중했으면 좋겠습니다."
125,박세진,한소율,한소율 주임은 고객 응대 능력이 뛰어납니다. 항상 친절하고 전문적인 태도로 고객 만족도를 높이고 있습니다.,하지만 때로는 고객의 무리한 요구사항까지 들어주려다 회사 규정을 어기는 경우가 있습니다. 규정 내에서의 최선을 다하는 것도 중요합니다.,4,5,5,4,3,0,한소율 주임은 고객 응대 능력이 뛰어납니다. 항상 친절하고 전문적인 태도로 고객 만족도를 높이고 있습니다.,하지만 때로는 고객의 무리한 요구사항까지 들어주려다 회사 규정을 어기는 경우가 있습니다. 규정 내에서의 최선을 다하는 것도 중요합니다.
126,박세진,오승훈,오승훈 과장은 기술적 전문성이 매우 높습니다. 특히 신기술 도입에 있어서 항상 선도적인 역할을 합니다.,그러나 때로는 기술적인 측면에만 너무 집중하여 비즈니스적 요구사항을 간과하는 경우가 있습니다. 기술과 비즈니스의 균형을 잡았으면 좋겠습니다.,5,3,4,3,4,0,오승훈 과장은 기술적 전문성이 매우 높습니다. 특히 신기술 도입에 있어서 항상 선도적인 역할을 합니다.,그러나 때로는 기술적인 측면에만 너무 집중하여 비즈니스적 요구사항을 간과하는 경우가 있습니다. 기술과 비즈니스의 균형을 잡았으면 좋겠습니다.
127,정승호,강다은,"다은 씨, 당신의 문서 작성 능력은 정말 대단합니다. 복잡한 내용도 명확하고 간결하게 정리하시는 모습이 인상적입니다.",하지만 가끔 보고서 작성에 너무 많은 시간을 투자하여 다른 업무가 밀리는 경우가 있습니다. 시간 관리에 좀 더 신경 써 주세요.,5,4,5,3,4,0,"다은 씨, 당신의 문서 작성 능력은 정말 대단합니다. 복잡한 내용도 명확하고 간결하게 정리하시는 모습이 인상적입니다.",하지만 가끔 보고서 작성에 너무 많은 시간을 투자하여 다른 업무가 밀리는 경우가 있습니다. 시간 관리에 좀 더 신경 써 주세요.
128,정승호,배준호,"준호 님, 당신의 리더십은 정말 훌륭합니다. 팀원들의 의견을 존중하면서도 명확한 방향을 제시하시는 모습이 보기 좋습니다.","다만, 가끔 우유부단한 모습을 보이실 때가 있습니다. 중요한 결정에서는 좀 더 과감한 판단이 필요할 것 같습니다.",4,5,5,5,4,0,"준호 님, 당신의 리더십은 정말 훌륭합니다. 팀원들의 의견을 존중하면서도 명확한 방향을 제시하시는 모습이 보기 좋습니다.","다만, 가끔 우유부단한 모습을 보이실 때가 있습니다. 중요한 결정에서는 좀 더 과감한 판단이 필요할 것 같습니다."
129,정승호,천지영,"지영 씨, 당신의 창의성은 우리 팀의 큰 자산입니다. 항상 새로운 아이디어로 프로젝트에 활기를 불어넣어 주셔서 감사합니다.",그러나 때로는 너무 이상적인 아이디어를 제시하여 현실성이 떨어지는 경우가 있습니다. 실현 가능성을 좀 더 고려해 주시면 좋겠습니다.,4,4,4,5,3,0,"지영 씨, 당신의 창의성은 우리 팀의 큰 자산입니다. 항상 새로운 아이디어로 프로젝트에 활기를 불어넣어 주셔서 감사합니다.",그러나 때로는 너무 이상적인 아이디어를 제시하여 현실성이 떨어지는 경우가 있습니다. 실현 가능성을 좀 더 고려해 주시면 좋겠습니다.
130,김도현,장민영,장민영 대리는 데이터 분석 능력이 탁월합니다. 복잡한 데이터도 빠르고 정확하게 해석하여 의미 있는 인사이트를 도출해냅니다.,"다만, 분석 결과를 팀원들에게 설명할 때 너무 전문적인 용어를 사용하여 의사소통에 어려움이 있습니다. 좀 더 쉬운 언어로 설명하는 노력이 필요합니다.",5,3,4,3,5,0,장민영 대리는 데이터 분석 능력이 탁월합니다. 복잡한 데이터도 빠르고 정확하게 해석하여 의미 있는 인사이트를 도출해냅니다.,"다만, 분석 결과를 팀원들에게 설명할 때 너무 전문적인 용어를 사용하여 의사소통에 어려움이 있습니다. 좀 더 쉬운 언어로 설명하는 노력이 필요합니다."
131,김도현,이승훈,이승훈 과장은 프로젝트 관리 능력이 뛰어납니다. 복잡한 프로젝트도 체계적으로 관리하며 일정과 품질을 모두 만족시키고 있습니다.,때로는 너무 완벽주의적인 성향으로 인해 팀원들에게 과도한 스트레스를 주는 경향이 있습니다. 조금 더 유연한 태도가 필요해 보입니다.,5,4,4,3,5,0,이승훈 과장은 프로젝트 관리 능력이 뛰어납니다. 복잡한 프로젝트도 체계적으로 관리하며 일정과 품질을 모두 만족시키고 있습니다.,때로는 너무 완벽주의적인 성향으로 인해 팀원들에게 과도한 스트레스를 주는 경향이 있습니다. 조금 더 유연한 태도가 필요해 보입니다.
132,김도현,신유리,신유리 주임은 고객 응대 능력이 뛰어납니다. 항상 친절하고 전문적인 태도로 고객 만족도를 높이고 있습니다.,내부 직원들과의 소통에는 다소 소극적인 모습을 보입니다. 팀 내 의사소통 참여도를 높일 필요가 있습니다.,4,3,5,3,4,0,신유리 주임은 고객 응대 능력이 뛰어납니다. 항상 친절하고 전문적인 태도로 고객 만족도를 높이고 있습니다.,내부 직원들과의 소통에는 다소 소극적인 모습을 보입니다. 팀 내 의사소통 참여도를 높일 필요가 있습니다.
133,박지원,강현우,"현우야, 넌 진짜 일 개쩔게 잘한다ㅋㅋ 어떻게 그렇게 빨리 처리해?",근데 말이 좀 거칠지 않냐?ㅋㅋ 동료들이랑 얘기할 때 좀만 부드럽게 해봐ㅋㅋㅋ,5,2,3,4,5,1,업무 수행이 우수하며 과업 처리 속도가 빠르다는 의견이 있음.,근데 말이 좀 거칠지 않냐? 동료들이랑 얘기할 때 좀만 부드럽게 해봐는 의견이 있음. (표현 정제됨)
134,박지원,임소연,"소연아, 넌 진짜 분위기 메이커다! 회식 때마다 없어서는 안 될 존재ㅋㅋ",근데 일은 좀 열심히 해줘라ㅠㅠ 너무 노는 데만 집중하는 거 아니야?,2,5,5,5,2,0,"소연아, 넌 진짜 분위기 메이커다! 회식 때마다 없어서는 안 될 존재ㅋㅋ",근데 일은 좀 열심히 해줘라ㅠㅠ 너무 노는 데만 집중하는 거 아니야?
135,박지원,정태준,"태준아, 발표 진짜 잘하더라~ 어떻게 그렇게 말을 잘해?",발표 준비하는 시간에 실제 업무도 좀 신경 썼으면 좋겠어ㅠㅠ,3,5,4,4,3,0,"태준아, 발표 진짜 잘하더라~ 어떻게 그렇게 말을 잘해?",발표 준비하는 시간에 실제 업무도 좀 신경 썼으면 좋겠어ㅠㅠ
136,최민준,한지성,한지성 책임님의 리더십은 정말 훌륭합니다. 팀원들의 의견을 경청하고 합리적인 의사결정을 내리십니다. 특히 위기 상황에서의 대처 능력이 뛰어납니다.,"다만, 때로는 의사결정 과정이 지나치게 길어지는 경향이 있습니다. 중요한 사안에 대해서는 좀 더 신속한 결정이 필요할 때도 있습니다.",5,4,5,5,5,0,한지성 책임님의 리더십은 정말 훌륭합니다. 팀원들의 의견을 경청하고 합리적인 의사결정을 내리십니다. 특히 위기 상황에서의 대처 능력이 뛰어납니다.,"다만, 때로는 의사결정 과정이 지나치게 길어지는 경향이 있습니다. 중요한 사안에 대해서는 좀 더 신속한 결정이 필요할 때도 있습니다."
137,최민준,송지은,송지은 대리는 창의적인 문제 해결 능력이 뛰어납니다. 항상 새로운 아이디어로 프로젝트에 활력을 불어넣습니다.,하지만 때로는 현실성이 떨어지는 제안을 하기도 합니다. 아이디어의 실현 가능성을 좀 더 고려했으면 좋겠습니다.,4,4,4,5,3,0,송지은 대리는 창의적인 문제 해결 능력이 뛰어납니다. 항상 새로운 아이디어로 프로젝트에 활력을 불어넣습니다.,하지만 때로는 현실성이 떨어지는 제안을 하기도 합니다. 아이디어의 실현 가능성을 좀 더 고려했으면 좋겠습니다.
138,최민준,이준영,이준영 과장은 업무 처리 속도가 매우 빠릅니다. 어떤 급한 업무라도 항상 기한 내에 처리해냅니다.,그러나 속도에 비해 결과물의 완성도가 떨어질 때가 있습니다. 조금 더 꼼꼼한 검토 과정이 필요해 보입니다.,4,4,4,4,5,0,이준영 과장은 업무 처리 속도가 매우 빠릅니다. 어떤 급한 업무라도 항상 기한 내에 처리해냅니다.,그러나 속도에 비해 결과물의 완성도가 떨어질 때가 있습니다. 조금 더 꼼꼼한 검토 과정이 필요해 보입니다.
139,이수아,강민호,강민호 님은 고객 응대 능력이 정말 뛰어나세요. 어떤 어려운 고객도 민호 씨가 응대하면 만족하고 돌아가요.,"다만, 가끔 고객의 무리한 요구사항도 들어주려다 회사 규정을 어기는 경우가 있어요. 규정 내에서의 최선을 다하는 것도 중요하답니다.",4,5,5,4,3,0,강민호 님은 고객 응대 능력이 정말 뛰어나세요. 어떤 어려운 고객도 민호 씨가 응대하면 만족하고 돌아가요.,"다만, 가끔 고객의 무리한 요구사항도 들어주려다 회사 규정을 어기는 경우가 있어요. 규정 내에서의 최선을 다하는 것도 중요하답니다."
140,이수아,윤서진,서진 씨는 팀 분위기 메이커예요. 항상 밝고 긍정적인 에너지로 팀의 사기를 올려주죠.,하지만 가끔은 업무 시간에 너무 농담만 하는 것 같아요. 때와 장소를 가려 행동했으면 좋겠어요.,3,5,4,5,3,0,서진 씨는 팀 분위기 메이커예요. 항상 밝고 긍정적인 에너지로 팀의 사기를 올려주죠.,하지만 가끔은 업무 시간에 너무 농담만 하는 것 같아요. 때와 장소를 가려 행동했으면 좋겠어요.
141,이수아,김동식,동식 씨는 업무 집중력이 대단해요. 한 번 일을 시작하면 끝날 때까지 집중해서 훌륭한 결과물을 만들어내죠.,그런데 가끔 너무 일에만 몰두해서 주변 동료들과의 소통을 소홀히 할 때가 있어요. 팀워크도 중요하다는 걸 기억해주세요.,5,3,4,3,5,0,동식 씨는 업무 집중력이 대단해요. 한 번 일을 시작하면 끝날 때까지 집중해서 훌륭한 결과물을 만들어내죠.,그런데 가끔 너무 일에만 몰두해서 주변 동료들과의 소통을 소홀히 할 때가 있어요. 팀워크도 중요하다는 걸 기억해주세요.
142,정태영,심예은,"심예은 과장, 당신의 프레젠테이션 능력은 정말 놀랍습니다. 어떤 복잡한 내용도 명확하게 전달하는 모습이 인상적입니다.",하지만 때로는 너무 말로만 잘 하고 실제 행동이 따르지 않는 경우가 있습니다. 말한 대로 실천하는 모습을 보여주세요.,4,5,4,4,3,0,"심예은 과장, 당신의 프레젠테이션 능력은 정말 놀랍습니다. 어떤 복잡한 내용도 명확하게 전달하는 모습이 인상적입니다.",하지만 때로는 너무 말로만 잘 하고 실제 행동이 따르지 않는 경우가 있습니다. 말한 대로 실천하는 모습을 보여주세요.
143,정태영,노승민,"노승민 님, 당신의 창의성과 혁신적인 사고방식은 우리 팀의 큰 자산입니다. 항상 새로운 시각으로 문제에 접근하시는 모습이 훌륭합니다.","다만, 때로는 너무 이상적인 해결책을 제시하여 현실적인 제약을 간과하는 경우가 있습니다. 현실성을 조금 더 고려해주시면 좋겠습니다.",5,4,5,4,4,0,"노승민 님, 당신의 창의성과 혁신적인 사고방식은 우리 팀의 큰 자산입니다. 항상 새로운 시각으로 문제에 접근하시는 모습이 훌륭합니다.","다만, 때로는 너무 이상적인 해결책을 제시하여 현실적인 제약을 간과하는 경우가 있습니다. 현실성을 조금 더 고려해주시면 좋겠습니다."
144,정태영,조윤서,"조윤서 주임, 당신의 꼼꼼함과 정확성은 정말 대단합니다. 특히 재무 관련 업무에서 당신의 능력은 필수적입니다.",그러나 가끔은 너무 세세한 것에 집착하여 전체적인 흐름을 놓치는 경우가 있습니다. 큰 그림을 보는 능력도 기르시면 좋겠습니다.,5,3,5,3,5,0,"조윤서 주임, 당신의 꼼꼼함과 정확성은 정말 대단합니다. 특히 재무 관련 업무에서 당신의 능력은 필수적입니다.",그러나 가끔은 너무 세세한 것에 집착하여 전체적인 흐름을 놓치는 경우가 있습니다. 큰 그림을 보는 능력도 기르시면 좋겠습니다.
145,황민경,안재현,안재현 책임님 진짜 일 잘하시네요ㅋㅋ 어떻게 그렇게 꼼꼼하게 처리하세요?,근데 가끔 너무 꼼꼼해서 일이 느려질 때가 있어요. 좀 더 효율적으로 일했으면 좋겠어요ㅎㅎ,5,4,5,4,5,0,안재현 책임님 진짜 일 잘하시네요ㅋㅋ 어떻게 그렇게 꼼꼼하게 처리하세요?,근데 가끔 너무 꼼꼼해서 일이 느려질 때가 있어요. 좀 더 효율적으로 일했으면 좋겠어요ㅎㅎ
146,황민경,박소희,"소희야, 진짜 말빨 쩔어요ㅋㅋㅋ 어떻게 그렇게 설득을 잘해요?",근데 일은 좀 제대로 해주셨으면ㅠㅠ 말만 하지 말고 실천도 좀...,3,5,4,4,2,1,"소희야, 진짜 말빨 쩔어요 어떻게 그렇게 설득을 잘해요?는 의견이 있음. (표현 정제됨)",근데 일은 좀 제대로 해주셨으면 말만 하지 말고 실천도 좀는 의견이 있음. (표현 정제됨)
147,황민경,김재원,재원씨 진짜 열정 넘치네요! 항상 신나게 일하는 모습이 보기 좋아요.,가끔은 너무 열정적이라 다른 사람들 페이스에 맞추기 힘들 때가 있어요. 조금만 조절해주세요ㅎㅎ,4,4,4,5,5,0,재원씨 진짜 열정 넘치네요! 항상 신나게 일하는 모습이 보기 좋아요.,가끔은 너무 열정적이라 다른 사람들 페이스에 맞추기 힘들 때가 있어요. 조금만 조절해주세요ㅎㅎ
148,송하윤,임지훈,임지훈 대리는 업무 처리 능력이 탁월합니다. 특히 복잡한 데이터 분석 작업을 신속하고 정확하게 처리하는 모습이 인상적입니다.,가끔 업무에 너무 몰두한 나머지 주변 동료들과의 소통이 부족할 때가 있습니다. 정기적인 업무 공유 시간을 가지면 좋을 것 같습니다.,5,3,4,3,5,0,임지훈 대리는 업무 처리 능력이 탁월합니다. 특히 복잡한 데이터 분석 작업을 신속하고 정확하게 처리하는 모습이 인상적입니다.,가끔 업무에 너무 몰두한 나머지 주변 동료들과의 소통이 부족할 때가 있습니다. 정기적인 업무 공유 시간을 가지면 좋을 것 같습니다.
149,송하윤,박민재,박민재 과장은 팀 리더십이 뛰어납니다. 항상 명확한 방향을 제시하고 팀원들의 의견을 경청합니다.,가끔 완벽주의적 성향으로 의사결정이 지연되는 경우가 있습니다. 더 과감한 결정이 필요할 때도 있습니다.,4,5,5,5,4,0,박민재 과장은 팀 리더십이 뛰어납니다. 항상 명확한 방향을 제시하고 팀원들의 의견을 경청합니다.,가끔 완벽주의적 성향으로 의사결정이 지연되는 경우가 있습니다. 더 과감한 결정이 필요할 때도 있습니다.
150,송하윤,최유진,최유진 주임은 창의적인 문제 해결 능력이 돋보입니다. 항상 새로운 아이디어로 프로젝트에 기여합니다.,때론 현실성이 부족한 제안을 하기도 합니다. 아이디어의 실현 가능성을 좀 더 고려했으면 좋겠습니다.,4,4,4,5,3,0,최유진 주임은 창의적인 문제 해결 능력이 돋보입니다. 항상 새로운 아이디어로 프로젝트에 기여합니다.,때론 현실성이 부족한 제안을 하기도 합니다. 아이디어의 실현 가능성을 좀 더 고려했으면 좋겠습니다.
151,김민재,정아영,정아영 대리는 업무 처리 속도가 매우 빠릅니다. 복잡한 작업도 효율적으로 처리하며 항상 기한을 준수합니다.,그러나 때로는 속도에 치중한 나머지 세부적인 오류를 놓치는 경우가 있습니다. 조금 더 꼼꼼한 검토가 필요해 보입니다.,5,4,4,3,5,0,정아영 대리는 업무 처리 속도가 매우 빠릅니다. 복잡한 작업도 효율적으로 처리하며 항상 기한을 준수합니다.,그러나 때로는 속도에 치중한 나머지 세부적인 오류를 놓치는 경우가 있습니다. 조금 더 꼼꼼한 검토가 필요해 보입니다.
152,김민재,이동하,이동하 과장은 팀 내 갈등 해결 능력이 뛰어납니다. 항상 중립적인 입장에서 문제를 해결하려 노력합니다.,"다만, 때로는 너무 모든 사람을 만족시키려다 보니 결정이 지연되는 경우가 있습니다. 때로는 과감한 결단도 필요할 것 같습니다.",4,5,5,5,4,0,이동하 과장은 팀 내 갈등 해결 능력이 뛰어납니다. 항상 중립적인 입장에서 문제를 해결하려 노력합니다.,"다만, 때로는 너무 모든 사람을 만족시키려다 보니 결정이 지연되는 경우가 있습니다. 때로는 과감한 결단도 필요할 것 같습니다."
153,김민재,황서연,황서연 주임은 새로운 기술 습득에 대한 열정이 대단합니다. 항상 최신 트렌드를 파악하고 업무에 적용하려 노력합니다.,하지만 가끔 새로운 기술에 너무 집중한 나머지 기존 시스템의 안정성을 간과하는 경우가 있습니다. 균형 잡힌 접근이 필요해 보입니다.,4,3,4,4,4,0,황서연 주임은 새로운 기술 습득에 대한 열정이 대단합니다. 항상 최신 트렌드를 파악하고 업무에 적용하려 노력합니다.,하지만 가끔 새로운 기술에 너무 집중한 나머지 기존 시스템의 안정성을 간과하는 경우가 있습니다. 균형 잡힌 접근이 필요해 보입니다.
154,박서진,임하준,"하준아, 넌 진짜 일 개쩔게 잘한다ㅋㅋ 어떻게 그렇게 빨리 처리해?",근데 말이 좀 거칠지 않냐?ㅋㅋ 동료들이랑 얘기할 때 좀만 부드럽게 해봐ㅋㅋㅋ,5,2,3,4,5,1,업무 수행이 우수하며 과업 처리 속도가 빠르다는 의견이 있음.,근데 말이 좀 거칠지 않냐? 동료들이랑 얘기할 때 좀만 부드럽게 해봐는 의견이 있음. (표현 정제됨)
155,박서진,강지원,"지원아, 넌 진짜 분위기 메이커다! 회식 때마다 없어서는 안 될 존재ㅋㅋ",근데 일은 좀 열심히 해줘라ㅠㅠ 너무 노는 데만 집중하는 거 아니야?,2,5,5,5,2,0,"지원아, 넌 진짜 분위기 메이커다! 회식 때마다 없어서는 안 될 존재ㅋㅋ",근데 일은 좀 열심히 해줘라ㅠㅠ 너무 노는 데만 집중하는 거 아니야?
156,박서진,최준혁,"준혁아, 발표 진짜 잘하더라~ 어떻게 그렇게 말을 잘해?",발표 준비하는 시간에 실제 업무도 좀 신경 썼으면 좋겠어ㅠㅠ,3,5,4,4,3,0,"준혁아, 발표 진짜 잘하더라~ 어떻게 그렇게 말을 잘해?",발표 준비하는 시간에 실제 업무도 좀 신경 썼으면 좋겠어ㅠㅠ
157,이지은,김태양,김태양 책임님의 리더십은 정말 훌륭합니다. 팀원들의 의견을 경청하고 합리적인 의사결정을 내리십니다.,"다만, 때로는 의사결정 과정이 지나치게 길어지는 경향이 있습니다. 중요한 사안에 대해서는 좀 더 신속한 결정이 필요할 때도 있습니다.",5,4,5,5,5,0,김태양 책임님의 리더십은 정말 훌륭합니다. 팀원들의 의견을 경청하고 합리적인 의사결정을 내리십니다.,"다만, 때로는 의사결정 과정이 지나치게 길어지는 경향이 있습니다. 중요한 사안에 대해서는 좀 더 신속한 결정이 필요할 때도 있습니다."
158,이지은,오유진,오유진 대리는 창의적인 문제 해결 능력이 뛰어납니다. 항상 새로운 아이디어로 프로젝트에 활력을 불어넣습니다.,하지만 때로는 현실성이 떨어지는 제안을 하기도 합니다. 아이디어의 실현 가능성을 좀 더 고려했으면 좋겠습니다.,4,4,4,5,3,0,오유진 대리는 창의적인 문제 해결 능력이 뛰어납니다. 항상 새로운 아이디어로 프로젝트에 활력을 불어넣습니다.,하지만 때로는 현실성이 떨어지는 제안을 하기도 합니다. 아이디어의 실현 가능성을 좀 더 고려했으면 좋겠습니다.
159,이지은,남동현,남동현 과장은 업무 처리 속도가 매우 빠릅니다. 어떤 급한 업무라도 항상 기한 내에 처리해냅니다.,그러나 속도에 비해 결과물의 완성도가 떨어질 때가 있습니다. 조금 더 꼼꼼한 검토 과정이 필요해 보입니다.,4,4,4,4,5,0,남동현 과장은 업무 처리 속도가 매우 빠릅니다. 어떤 급한 업무라도 항상 기한 내에 처리해냅니다.,그러나 속도에 비해 결과물의 완성도가 떨어질 때가 있습니다. 조금 더 꼼꼼한 검토 과정이 필요해 보입니다.
160,정승훈,윤하은,윤하은 님은 고객 응대 능력이 정말 뛰어나세요. 어떤 어려운 고객도 하은 씨가 응대하면 만족하고 돌아가요.,"다만, 가끔 고객의 무리한 요구사항도 들어주려다 회사 규정을 어기는 경우가 있어요. 규정 내에서의 최선을 다하는 것도 중요하답니다.",4,5,5,4,3,0,윤하은 님은 고객 응대 능력이 정말 뛰어나세요. 어떤 어려운 고객도 하은 씨가 응대하면 만족하고 돌아가요.,"다만, 가끔 고객의 무리한 요구사항도 들어주려다 회사 규정을 어기는 경우가 있어요. 규정 내에서의 최선을 다하는 것도 중요하답니다."
161,정승훈,조민우,민우 씨는 팀 분위기 메이커예요. 항상 밝고 긍정적인 에너지로 팀의 사기를 올려주죠.,하지만 가끔은 업무 시간에 너무 농담만 하는 것 같아요. 때와 장소를 가려 행동했으면 좋겠어요.,3,5,4,5,3,0,민우 씨는 팀 분위기 메이커예요. 항상 밝고 긍정적인 에너지로 팀의 사기를 올려주죠.,하지만 가끔은 업무 시간에 너무 농담만 하는 것 같아요. 때와 장소를 가려 행동했으면 좋겠어요.
162,정승훈,김서연,서연 씨는 업무 집중력이 대단해요. 한 번 일을 시작하면 끝날 때까지 집중해서 훌륭한 결과물을 만들어내죠.,그런데 가끔 너무 일에만 몰두해서 주변 동료들과의 소통을 소홀히 할 때가 있어요. 팀워크도 중요하다는 걸 기억해주세요.,5,3,4,3,5,0,서연 씨는 업무 집중력이 대단해요. 한 번 일을 시작하면 끝날 때까지 집중해서 훌륭한 결과물을 만들어내죠.,그런데 가끔 너무 일에만 몰두해서 주변 동료들과의 소통을 소홀히 할 때가 있어요. 팀워크도 중요하다는 걸 기억해주세요.
163,황지민,박준서,"박준서 과장, 당신의 프레젠테이션 능력은 정말 놀랍습니다. 어떤 복잡한 내용도 명확하게 전달하는 모습이 인상적입니다.",하지만 때로는 너무 말로만 잘 하고 실제 행동이 따르지 않는 경우가 있습니다. 말한 대로 실천하는 모습을 보여주세요.,4,5,4,4,3,0,"박준서 과장, 당신의 프레젠테이션 능력은 정말 놀랍습니다. 어떤 복잡한 내용도 명확하게 전달하는 모습이 인상적입니다.",하지만 때로는 너무 말로만 잘 하고 실제 행동이 따르지 않는 경우가 있습니다. 말한 대로 실천하는 모습을 보여주세요.
164,황지민,임성훈,"임성훈 님, 당신의 창의성과 혁신적인 사고방식은 우리 팀의 큰 자산입니다. 항상 새로운 시각으로 문제에 접근하시는 모습이 훌륭합니다.","다만, 때로는 너무 이상적인 해결책을 제시하여 현실적인 제약을 간과하는 경우가 있습니다. 현실성을 조금 더 고려해주시면 좋겠습니다.",5,4,5,4,4,0,"임성훈 님, 당신의 창의성과 혁신적인 사고방식은 우리 팀의 큰 자산입니다. 항상 새로운 시각으로 문제에 접근하시는 모습이 훌륭합니다.","다만, 때로는 너무 이상적인 해결책을 제시하여 현실적인 제약을 간과하는 경우가 있습니다. 현실성을 조금 더 고려해주시면 좋겠습니다."
165,황지민,김나영,"김나영 주임, 당신의 꼼꼼함과 정확성은 정말 대단합니다. 특히 재무 관련 업무에서 당신의 능력은 필수적입니다.",그러나 가끔은 너무 세세한 것에 집착하여 전체적인 흐름을 놓치는 경우가 있습니다. 큰 그림을 보는 능력도 기르시면 좋겠습니다.,5,3,5,3,5,0,"김나영 주임, 당신의 꼼꼼함과 정확성은 정말 대단합니다. 특히 재무 관련 업무에서 당신의 능력은 필수적입니다.",그러나 가끔은 너무 세세한 것에 집착하여 전체적인 흐름을 놓치는 경우가 있습니다. 큰 그림을 보는 능력도 기르시면 좋겠습니다.
166,송민석,이지훈,이지훈 책임님 진짜 일 잘하시네요ㅋㅋ 어떻게 그렇게 꼼꼼하게 처리하세요?,근데 가끔 너무 꼼꼼해서 일이 느려질 때가 있어요. 좀 더 효율적으로 일했으면 좋겠어요ㅎㅎ,5,4,5,4,5,0,이지훈 책임님 진짜 일 잘하시네요ㅋㅋ 어떻게 그렇게 꼼꼼하게 처리하세요?,근데 가끔 너무 꼼꼼해서 일이 느려질 때가 있어요. 좀 더 효율적으로 일했으면 좋겠어요ㅎㅎ
167,송민석,강유리,"유리야, 진짜 말빨 쩔어요ㅋㅋㅋ 어떻게 그렇게 설득을 잘해요?",근데 일은 좀 제대로 해주셨으면ㅠㅠ 말만 하지 말고 실천도 좀...,3,5,4,4,2,1,"유리야, 진짜 말빨 쩔어요 어떻게 그렇게 설득을 잘해요?는 의견이 있음. (표현 정제됨)",근데 일은 좀 제대로 해주셨으면 말만 하지 말고 실천도 좀는 의견이 있음. (표현 정제됨)
168,송민석,정민호,민호씨 진짜 열정 넘치네요! 항상 신나게 일하는 모습이 보기 좋아요.,가끔은 너무 열정적이라 다른 사람들 페이스에 맞추기 힘들 때가 있어요. 조금만 조절해주세요ㅎㅎ,4,4,4,5,5,0,민호씨 진짜 열정 넘치네요! 항상 신나게 일하는 모습이 보기 좋아요.,가끔은 너무 열정적이라 다른 사람들 페이스에 맞추기 힘들 때가 있어요. 조금만 조절해주세요ㅎㅎ
169,임수영,한지원,한지원 대리는 업무 처리 능력이 탁월합니다. 특히 복잡한 데이터 분석 작업을 신속하고 정확하게 처리하는 모습이 인상적입니다.,가끔 업무에 너무 몰두한 나머지 주변 동료들과의 소통이 부족할 때가 있습니다. 정기적인 업무 공유 시간을 가지면 좋을 것 같습니다.,5,3,4,3,5,0,한지원 대리는 업무 처리 능력이 탁월합니다. 특히 복잡한 데이터 분석 작업을 신속하고 정확하게 처리하는 모습이 인상적입니다.,가끔 업무에 너무 몰두한 나머지 주변 동료들과의 소통이 부족할 때가 있습니다. 정기적인 업무 공유 시간을 가지면 좋을 것 같습니다.
170,임수영,서영준,서영준 과장은 팀 리더십이 뛰어납니다. 항상 명확한 방향을 제시하고 팀원들의 의견을 경청합니다.,가끔 완벽주의적 성향으로 의사결정이 지연되는 경우가 있습니다. 더 과감한 결정이 필요할 때도 있습니다.,4,5,5,5,4,0,서영준 과장은 팀 리더십이 뛰어납니다. 항상 명확한 방향을 제시하고 팀원들의 의견을 경청합니다.,가끔 완벽주의적 성향으로 의사결정이 지연되는 경우가 있습니다. 더 과감한 결정이 필요할 때도 있습니다.
171,임수영,장서윤,장서윤 주임은 창의적인 문제 해결 능력이 돋보입니다. 항상 새로운 아이디어로 프로젝트에 기여합니다.,때론 현실성이 부족한 제안을 하기도 합니다. 아이디어의 실현 가능성을 좀 더 고려했으면 좋겠습니다.,4,4,4,5,3,0,장서윤 주임은 창의적인 문제 해결 능력이 돋보입니다. 항상 새로운 아이디어로 프로젝트에 기여합니다.,때론 현실성이 부족한 제안을 하기도 합니다. 아이디어의 실현 가능성을 좀 더 고려했으면 좋겠습니다.
172,강동혁,윤서아,윤서아 대리는 데이터 분석 능력이 탁월합니다. 복잡한 데이터도 빠르고 정확하게 해석하여 의미 있는 인사이트를 도출해냅니다.,"다만, 분석 결과를 팀원들에게 설명할 때 너무 전문적인 용어를 사용하여 의사소통에 어려움이 있습니다. 좀 더 쉬운 언어로 설명하는 노력이 필요합니다.",5,3,4,3,5,0,윤서아 대리는 데이터 분석 능력이 탁월합니다. 복잡한 데이터도 빠르고 정확하게 해석하여 의미 있는 인사이트를 도출해냅니다.,"다만, 분석 결과를 팀원들에게 설명할 때 너무 전문적인 용어를 사용하여 의사소통에 어려움이 있습니다. 좀 더 쉬운 언어로 설명하는 노력이 필요합니다."
173,강동혁,조현우,조현우 과장은 프로젝트 관리 능력이 뛰어납니다. 복잡한 프로젝트도 체계적으로 관리하며 일정과 품질을 모두 만족시키고 있습니다.,때로는 너무 완벽주의적인 성향으로 인해 팀원들에게 과도한 스트레스를 주는 경향이 있습니다. 조금 더 유연한 태도가 필요해 보입니다.,5,4,4,3,5,0,조현우 과장은 프로젝트 관리 능력이 뛰어납니다. 복잡한 프로젝트도 체계적으로 관리하며 일정과 품질을 모두 만족시키고 있습니다.,때로는 너무 완벽주의적인 성향으로 인해 팀원들에게 과도한 스트레스를 주는 경향이 있습니다. 조금 더 유연한 태도가 필요해 보입니다.
174,강동혁,임지영,임지영 주임은 고객 응대 능력이 뛰어납니다. 항상 친절하고 전문적인 태도로 고객 만족도를 높이고 있습니다.,내부 직원들과의 소통에는 다소 소극적인 모습을 보입니다. 팀 내 의사소통 참여도를 높일 필요가 있습니다.,4,3,5,3,4,0,임지영 주임은 고객 응대 능력이 뛰어납니다. 항상 친절하고 전문적인 태도로 고객 만족도를 높이고 있습니다.,내부 직원들과의 소통에는 다소 소극적인 모습을 보입니다. 팀 내 의사소통 참여도를 높일 필요가 있습니다.
175,박현지,김도윤,"도윤아, 넌 진짜 일 개쩔게 잘한다ㅋㅋ 어떻게 그렇게 빨리 처리해?",근데 말이 좀 거칠지 않냐?ㅋㅋ 동료들이랑 얘기할 때 좀만 부드럽게 해봐ㅋㅋㅋ,5,2,3,4,5,1,업무 수행이 우수하며 과업 처리 속도가 빠르다는 의견이 있음.,근데 말이 좀 거칠지 않냐? 동료들이랑 얘기할 때 좀만 부드럽게 해봐는 의견이 있음. (표현 정제됨)
176,박현지,이수빈,"수빈아, 넌 진짜 분위기 메이커다! 회식 때마다 없어서는 안 될 존재ㅋㅋ",근데 일은 좀 열심히 해줘라ㅠㅠ 너무 노는 데만 집중하는 거 아니야?,2,5,5,5,2,0,"수빈아, 넌 진짜 분위기 메이커다! 회식 때마다 없어서는 안 될 존재ㅋㅋ",근데 일은 좀 열심히 해줘라ㅠㅠ 너무 노는 데만 집중하는 거 아니야?
177,박현지,정민석,"민석아, 발표 진짜 잘하더라~ 어떻게 그렇게 말을 잘해?",발표 준비하는 시간에 실제 업무도 좀 신경 썼으면 좋겠어ㅠㅠ,3,5,4,4,3,0,"민석아, 발표 진짜 잘하더라~ 어떻게 그렇게 말을 잘해?",발표 준비하는 시간에 실제 업무도 좀 신경 썼으면 좋겠어ㅠㅠ
178,최준호,신혜진,신혜진 책임님의 리더십은 정말 훌륭합니다. 팀원들의 의견을 경청하고 합리적인 의사결정을 내리십니다. 특히 위기 상황에서의 대처 능력이 뛰어납니다.,"다만, 때로는 의사결정 과정이 지나치게 길어지는 경향이 있습니다. 중요한 사안에 대해서는 좀 더 신속한 결정이 필요할 때도 있습니다.",5,4,5,5,5,0,신혜진 책임님의 리더십은 정말 훌륭합니다. 팀원들의 의견을 경청하고 합리적인 의사결정을 내리십니다. 특히 위기 상황에서의 대처 능력이 뛰어납니다.,"다만, 때로는 의사결정 과정이 지나치게 길어지는 경향이 있습니다. 중요한 사안에 대해서는 좀 더 신속한 결정이 필요할 때도 있습니다."
179,최준호,강민준,강민준 대리는 창의적인 문제 해결 능력이 뛰어납니다. 항상 새로운 아이디어로 프로젝트에 활력을 불어넣습니다.,하지만 때로는 현실성이 떨어지는 제안을 하기도 합니다. 아이디어의 실현 가능성을 좀 더 고려했으면 좋겠습니다.,4,4,4,5,3,0,강민준 대리는 창의적인 문제 해결 능력이 뛰어납니다. 항상 새로운 아이디어로 프로젝트에 활력을 불어넣습니다.,하지만 때로는 현실성이 떨어지는 제안을 하기도 합니다. 아이디어의 실현 가능성을 좀 더 고려했으면 좋겠습니다.
180,최준호,황지원,황지원 과장은 업무 처리 속도가 매우 빠릅니다. 어떤 급한 업무라도 항상 기한 내에 처리해냅니다.,그러나 속도에 비해 결과물의 완성도가 떨어질 때가 있습니다. 조금 더 꼼꼼한 검토 과정이 필요해 보입니다.,4,4,4,4,5,0,황지원 과장은 업무 처리 속도가 매우 빠릅니다. 어떤 급한 업무라도 항상 기한 내에 처리해냅니다.,그러나 속도에 비해 결과물의 완성도가 떨어질 때가 있습니다. 조금 더 꼼꼼한 검토 과정이 필요해 보입니다.
181,이승연,장현우,장현우 님은 고객 응대 능력이 정말 뛰어나세요. 어떤 어려운 고객도 현우 씨가 응대하면 만족하고 돌아가요.,"다만, 가끔 고객의 무리한 요구사항도 들어주려다 회사 규정을 어기는 경우가 있어요. 규정 내에서의 최선을 다하는 것도 중요하답니다.",4,5,5,4,3,0,장현우 님은 고객 응대 능력이 정말 뛰어나세요. 어떤 어려운 고객도 현우 씨가 응대하면 만족하고 돌아가요.,"다만, 가끔 고객의 무리한 요구사항도 들어주려다 회사 규정을 어기는 경우가 있어요. 규정 내에서의 최선을 다하는 것도 중요하답니다."
182,이승연,김서영,서영 씨는 팀 분위기 메이커예요. 항상 밝고 긍정적인 에너지로 팀의 사기를 올려주죠.,하지만 가끔은 업무 시간에 너무 농담만 하는 것 같아요. 때와 장소를 가려 행동했으면 좋겠어요.,3,5,4,5,3,0,서영 씨는 팀 분위기 메이커예요. 항상 밝고 긍정적인 에너지로 팀의 사기를 올려주죠.,하지만 가끔은 업무 시간에 너무 농담만 하는 것 같아요. 때와 장소를 가려 행동했으면 좋겠어요.
183,이승연,박준영,준영 씨는 업무 집중력이 대단해요. 한 번 일을 시작하면 끝날 때까지 집중해서 훌륭한 결과물을 만들어내죠.,그런데 가끔 너무 일에만 몰두해서 주변 동료들과의 소통을 소홀히 할 때가 있어요. 팀워크도 중요하다는 걸 기억해주세요.,5,3,4,3,5,0,준영 씨는 업무 집중력이 대단해요. 한 번 일을 시작하면 끝날 때까지 집중해서 훌륭한 결과물을 만들어내죠.,그런데 가끔 너무 일에만 몰두해서 주변 동료들과의 소통을 소홀히 할 때가 있어요. 팀워크도 중요하다는 걸 기억해주세요.
184,정태호,임수진,"임수진 과장, 당신의 프레젠테이션 능력은 정말 놀랍습니다. 어떤 복잡한 내용도 명확하게 전달하는 모습이 인상적입니다.",하지만 때로는 너무 말로만 잘 하고 실제 행동이 따르지 않는 경우가 있습니다. 말한 대로 실천하는 모습을 보여주세요.,4,5,4,4,3,0,"임수진 과장, 당신의 프레젠테이션 능력은 정말 놀랍습니다. 어떤 복잡한 내용도 명확하게 전달하는 모습이 인상적입니다.",하지만 때로는 너무 말로만 잘 하고 실제 행동이 따르지 않는 경우가 있습니다. 말한 대로 실천하는 모습을 보여주세요.
185,정태호,송민규,"송민규 님, 당신의 창의성과 혁신적인 사고방식은 우리 팀의 큰 자산입니다. 항상 새로운 시각으로 문제에 접근하시는 모습이 훌륭합니다.","다만, 때로는 너무 이상적인 해결책을 제시하여 현실적인 제약을 간과하는 경우가 있습니다. 현실성을 조금 더 고려해주시면 좋겠습니다.",5,4,5,4,4,0,"송민규 님, 당신의 창의성과 혁신적인 사고방식은 우리 팀의 큰 자산입니다. 항상 새로운 시각으로 문제에 접근하시는 모습이 훌륭합니다.","다만, 때로는 너무 이상적인 해결책을 제시하여 현실적인 제약을 간과하는 경우가 있습니다. 현실성을 조금 더 고려해주시면 좋겠습니다."
186,정태호,한소라,"한소라 주임, 당신의 꼼꼼함과 정확성은 정말 대단합니다. 특히 재무 관련 업무에서 당신의 능력은 필수적입니다.",그러나 가끔은 너무 세세한 것에 집착하여 전체적인 흐름을 놓치는 경우가 있습니다. 큰 그림을 보는 능력도 기르시면 좋겠습니다.,5,3,5,3,5,0,"한소라 주임, 당신의 꼼꼼함과 정확성은 정말 대단합니다. 특히 재무 관련 업무에서 당신의 능력은 필수적입니다.",그러나 가끔은 너무 세세한 것에 집착하여 전체적인 흐름을 놓치는 경우가 있습니다. 큰 그림을 보는 능력도 기르시면 좋겠습니다.
187,김나연,오승현,오승현 책임님 진짜 일 잘하시네요ㅋㅋ 어떻게 그렇게 꼼꼼하게 처리하세요?,근데 가끔 너무 꼼꼼해서 일이 느려질 때가 있어요. 좀 더 효율적으로 일했으면 좋겠어요ㅎㅎ,5,4,5,4,5,0,오승현 책임님 진짜 일 잘하시네요ㅋㅋ 어떻게 그렇게 꼼꼼하게 처리하세요?,근데 가끔 너무 꼼꼼해서 일이 느려질 때가 있어요. 좀 더 효율적으로 일했으면 좋겠어요ㅎㅎ
188,김나연,이지현,"지현아, 진짜 말빨 쩔어요ㅋㅋㅋ 어떻게 그렇게 설득을 잘해요?",근데 일은 좀 제대로 해주셨으면ㅠㅠ 말만 하지 말고 실천도 좀...,3,5,4,4,2,1,"지현아, 진짜 말빨 쩔어요 어떻게 그렇게 설득을 잘해요?는 의견이 있음. (표현 정제됨)",근데 일은 좀 제대로 해주셨으면 말만 하지 말고 실천도 좀는 의견이 있음. (표현 정제됨)
189,김나연,조성우,성우씨 진짜 열정 넘치네요! 항상 신나게 일하는 모습이 보기 좋아요.,가끔은 너무 열정적이라 다른 사람들 페이스에 맞추기 힘들 때가 있어요. 조금만 조절해주세요ㅎㅎ,4,4,4,5,5,0,성우씨 진짜 열정 넘치네요! 항상 신나게 일하는 모습이 보기 좋아요.,가끔은 너무 열정적이라 다른 사람들 페이스에 맞추기 힘들 때가 있어요. 조금만 조절해주세요ㅎㅎ
190,장민수,권유진,권유진 대리는 업무 처리 능력이 탁월합니다. 특히 복잡한 데이터 분석 작업을 신속하고 정확하게 처리하는 모습이 인상적입니다.,가끔 업무에 너무 몰두한 나머지 주변 동료들과의 소통이 부족할 때가 있습니다. 정기적인 업무 공유 시간을 가지면 좋을 것 같습니다.,5,3,4,3,5,0,권유진 대리는 업무 처리 능력이 탁월합니다. 특히 복잡한 데이터 분석 작업을 신속하고 정확하게 처리하는 모습이 인상적입니다.,가끔 업무에 너무 몰두한 나머지 주변 동료들과의 소통이 부족할 때가 있습니다. 정기적인 업무 공유 시간을 가지면 좋을 것 같습니다.
191,장민수,남궁혁,남궁혁 과장은 팀 리더십이 뛰어납니다. 항상 명확한 방향을 제시하고 팀원들의 의견을 경청합니다.,가끔 완벽주의적 성향으로 의사결정이 지연되는 경우가 있습니다. 더 과감한 결정이 필요할 때도 있습니다.,4,5,5,5,4,0,남궁혁 과장은 팀 리더십이 뛰어납니다. 항상 명확한 방향을 제시하고 팀원들의 의견을 경청합니다.,가끔 완벽주의적 성향으로 의사결정이 지연되는 경우가 있습니다. 더 과감한 결정이 필요할 때도 있습니다.
192,장민수,최지은,최지은 주임은 창의적인 문제 해결 능력이 돋보입니다. 항상 새로운 아이디어로 프로젝트에 기여합니다.,때론 현실성이 부족한 제안을 하기도 합니다. 아이디어의 실현 가능성을 좀 더 고려했으면 좋겠습니다.,4,4,4,5,3,0,최지은 주임은 창의적인 문제 해결 능력이 돋보입니다. 항상 새로운 아이디어로 프로젝트에 기여합니다.,때론 현실성이 부족한 제안을 하기도 합니다. 아이디어의 실현 가능성을 좀 더 고려했으면 좋겠습니다.
193,송지훈,박소연,"박소연 대리는 업무 처리 속도가 정말 빠릅니다. 복잡한 작업도 항상 기한 내에 완수하며, 결과물의 품질도 우수합니다.","다만, 때로는 너무 빠르게 일을 처리하다 보니 세부적인 오류를 놓치는 경우가 있습니다. 조금 더 꼼꼼한 검토가 필요해 보입니다.",5,4,4,3,5,0,"박소연 대리는 업무 처리 속도가 정말 빠릅니다. 복잡한 작업도 항상 기한 내에 완수하며, 결과물의 품질도 우수합니다.","다만, 때로는 너무 빠르게 일을 처리하다 보니 세부적인 오류를 놓치는 경우가 있습니다. 조금 더 꼼꼼한 검토가 필요해 보입니다."
194,송지훈,김태우,"김태우 과장은 팀 내 갈등 해결 능력이 탁월합니다. 항상 중립적인 입장에서 문제를 해결하려 노력하며, 팀 분위기 개선에 큰 도움이 됩니다.",하지만 가끔은 모든 사람을 만족시키려다 보니 결정이 지연되는 경우가 있습니다. 때로는 과감한 결단도 필요할 것 같습니다.,4,5,5,5,4,0,"김태우 과장은 팀 내 갈등 해결 능력이 탁월합니다. 항상 중립적인 입장에서 문제를 해결하려 노력하며, 팀 분위기 개선에 큰 도움이 됩니다.",하지만 가끔은 모든 사람을 만족시키려다 보니 결정이 지연되는 경우가 있습니다. 때로는 과감한 결단도 필요할 것 같습니다.
195,송지훈,이하은,이하은 주임은 새로운 기술 습득에 대한 열정이 대단합니다. 항상 최신 트렌드를 파악하고 업무에 적용하려 노력합니다.,그러나 가끔 새로운 기술에 너무 집중한 나머지 기존 시스템의 안정성을 간과하는 경우가 있습니다. 균형 잡힌 접근이 필요해 보입니다.,4,3,4,4,4,0,이하은 주임은 새로운 기술 습득에 대한 열정이 대단합니다. 항상 최신 트렌드를 파악하고 업무에 적용하려 노력합니다.,그러나 가끔 새로운 기술에 너무 집중한 나머지 기존 시스템의 안정성을 간과하는 경우가 있습니다. 균형 잡힌 접근이 필요해 보입니다.
196,강미나,임재호,"재호야, 넌 진짜 일 개쩔게 잘한다ㅋㅋ 어떻게 그렇게 빨리 처리해?",근데 말이 좀 거칠지 않냐?ㅋㅋ 동료들이랑 얘기할 때 좀만 부드럽게 해봐ㅋㅋㅋ,5,2,3,4,5,1,업무 수행이 우수하며 과업 처리 속도가 빠르다는 의견이 있음.,근데 말이 좀 거칠지 않냐? 동료들이랑 얘기할 때 좀만 부드럽게 해봐는 의견이 있음. (표현 정제됨)
197,강미나,정유진,"유진아, 넌 진짜 분위기 메이커다! 회식 때마다 없어서는 안 될 존재ㅋㅋ",근데 일은 좀 열심히 해줘라ㅠㅠ 너무 노는 데만 집중하는 거 아니야?,2,5,5,5,2,0,"유진아, 넌 진짜 분위기 메이커다! 회식 때마다 없어서는 안 될 존재ㅋㅋ",근데 일은 좀 열심히 해줘라ㅠㅠ 너무 노는 데만 집중하는 거 아니야?
198,강미나,윤성민,"성민아, 발표 진짜 잘하더라~ 어떻게 그렇게 말을 잘해?",발표 준비하는 시간에 실제 업무도 좀 신경 썼으면 좋겠어ㅠㅠ,3,5,4,4,3,0,"성민아, 발표 진짜 잘하더라~ 어떻게 그렇게 말을 잘해?",발표 준비하는 시간에 실제 업무도 좀 신경 썼으면 좋겠어ㅠㅠ
199,임현우,서동혁,서동혁 책임님의 리더십은 정말 훌륭합니다. 팀원들의 의견을 경청하고 합리적인 의사결정을 내리십니다. 특히 위기 상황에서의 대처 능력이 뛰어납니다.,"다만, 때로는 의사결정 과정이 지나치게 길어지는 경향이 있습니다. 중요한 사안에 대해서는 좀 더 신속한 결정이 필요할 때도 있습니다.",5,4,5,5,5,0,서동혁 책임님의 리더십은 정말 훌륭합니다. 팀원들의 의견을 경청하고 합리적인 의사결정을 내리십니다. 특히 위기 상황에서의 대처 능력이 뛰어납니다.,"다만, 때로는 의사결정 과정이 지나치게 길어지는 경향이 있습니다. 중요한 사안에 대해서는 좀 더 신속한 결정이 필요할 때도 있습니다."
200,임현우,황지은,황지은 대리는 창의적인 문제 해결 능력이 뛰어납니다. 항상 새로운 아이디어로 프로젝트에 활력을 불어넣습니다.,하지만 때로는 현실성이 떨어지는 제안을 하기도 합니다. 아이디어의 실현 가능성을 좀 더 고려했으면 좋겠습니다.,4,4,4,5,3,0,황지은 대리는 창의적인 문제 해결 능력이 뛰어납니다. 항상 새로운 아이디어로 프로젝트에 활력을 불어넣습니다.,하지만 때로는 현실성이 떨어지는 제안을 하기도 합니다. 아이디어의 실현 가능성을 좀 더 고려했으면 좋겠습니다.
201,임현우,조민재,조민재 과장은 업무 처리 속도가 매우 빠릅니다. 어떤 급한 업무라도 항상 기한 내에 처리해냅니다.,그러나 속도에 비해 결과물의 완성도가 떨어질 때가 있습니다. 조금 더 꼼꼼한 검토 과정이 필요해 보입니다.,4,4,4,4,5,0,조민재 과장은 업무 처리 속도가 매우 빠릅니다. 어떤 급한 업무라도 항상 기한 내에 처리해냅니다.,그러나 속도에 비해 결과물의 완성도가 떨어질 때가 있습니다. 조금 더 꼼꼼한 검토 과정이 필요해 보입니다.
202,박승희,신준호,신준호 님은 고객 응대 능력이 정말 뛰어나세요. 어떤 어려운 고객도 준호 씨가 응대하면 만족하고 돌아가요.,"다만, 가끔 고객의 무리한 요구사항도 들어주려다 회사 규정을 어기는 경우가 있어요. 규정 내에서의 최선을 다하는 것도 중요하답니다.",4,5,5,4,3,0,신준호 님은 고객 응대 능력이 정말 뛰어나세요. 어떤 어려운 고객도 준호 씨가 응대하면 만족하고 돌아가요.,"다만, 가끔 고객의 무리한 요구사항도 들어주려다 회사 규정을 어기는 경우가 있어요. 규정 내에서의 최선을 다하는 것도 중요하답니다."
203,박승희,김민지,민지 씨는 팀 분위기 메이커예요. 항상 밝고 긍정적인 에너지로 팀의 사기를 올려주죠.,하지만 가끔은 업무 시간에 너무 농담만 하는 것 같아요. 때와 장소를 가려 행동했으면 좋겠어요.,3,5,4,5,3,0,민지 씨는 팀 분위기 메이커예요. 항상 밝고 긍정적인 에너지로 팀의 사기를 올려주죠.,하지만 가끔은 업무 시간에 너무 농담만 하는 것 같아요. 때와 장소를 가려 행동했으면 좋겠어요.
204,박승희,이승훈,승훈 씨는 업무 집중력이 대단해요. 한 번 일을 시작하면 끝날 때까지 집중해서 훌륭한 결과물을 만들어내죠.,그런데 가끔 너무 일에만 몰두해서 주변 동료들과의 소통을 소홀히 할 때가 있어요. 팀워크도 중요하다는 걸 기억해주세요.,5,3,4,3,5,0,승훈 씨는 업무 집중력이 대단해요. 한 번 일을 시작하면 끝날 때까지 집중해서 훌륭한 결과물을 만들어내죠.,그런데 가끔 너무 일에만 몰두해서 주변 동료들과의 소통을 소홀히 할 때가 있어요. 팀워크도 중요하다는 걸 기억해주세요.
205,정다은,강민서,"강민서 과장, 당신의 프레젠테이션 능력은 정말 놀랍습니다. 어떤 복잡한 내용도 명확하게 전달하는 모습이 인상적입니다.",하지만 때로는 너무 말로만 잘 하고 실제 행동이 따르지 않는 경우가 있습니다. 말한 대로 실천하는 모습을 보여주세요.,4,5,4,4,3,0,"강민서 과장, 당신의 프레젠테이션 능력은 정말 놀랍습니다. 어떤 복잡한 내용도 명확하게 전달하는 모습이 인상적입니다.",하지만 때로는 너무 말로만 잘 하고 실제 행동이 따르지 않는 경우가 있습니다. 말한 대로 실천하는 모습을 보여주세요.
206,정다은,윤재영,"윤재영 님, 당신의 창의성과 혁신적인 사고방식은 우리 팀의 큰 자산입니다. 항상 새로운 시각으로 문제에 접근하시는 모습이 훌륭합니다.","다만, 때로는 너무 이상적인 해결책을 제시하여 현실적인 제약을 간과하는 경우가 있습니다. 현실성을 조금 더 고려해주시면 좋겠습니다.",5,4,5,4,4,0,"윤재영 님, 당신의 창의성과 혁신적인 사고방식은 우리 팀의 큰 자산입니다. 항상 새로운 시각으로 문제에 접근하시는 모습이 훌륭합니다.","다만, 때로는 너무 이상적인 해결책을 제시하여 현실적인 제약을 간과하는 경우가 있습니다. 현실성을 조금 더 고려해주시면 좋겠습니다."
207,정다은,문소영,"문소영 주임, 당신의 꼼꼼함과 정확성은 정말 대단합니다. 특히 재무 관련 업무에서 당신의 능력은 필수적입니다.",그러나 가끔은 너무 세세한 것에 집착하여 전체적인 흐름을 놓치는 경우가 있습니다. 큰 그림을 보는 능력도 기르시면 좋겠습니다.,5,3,5,3,5,0,"문소영 주임, 당신의 꼼꼼함과 정확성은 정말 대단합니다. 특히 재무 관련 업무에서 당신의 능력은 필수적입니다.",그러나 가끔은 너무 세세한 것에 집착하여 전체적인 흐름을 놓치는 경우가 있습니다. 큰 그림을 보는 능력도 기르시면 좋겠습니다.
208,홍지수,백승민,백승민 책임님 진짜 일 잘하시네요ㅋㅋ 어떻게 그렇게 꼼꼼하게 처리하세요?,근데 가끔 너무 꼼꼼해서 일이 느려질 때가 있어요. 좀 더 효율적으로 일했으면 좋겠어요ㅎㅎ,5,4,5,4,5,0,백승민 책임님 진짜 일 잘하시네요ㅋㅋ 어떻게 그렇게 꼼꼼하게 처리하세요?,근데 가끔 너무 꼼꼼해서 일이 느려질 때가 있어요. 좀 더 효율적으로 일했으면 좋겠어요ㅎㅎ
209,홍지수,김유경,"유경아, 진짜 말빨 쩔어요ㅋㅋㅋ 어떻게 그렇게 설득을 잘해요?",근데 일은 좀 제대로 해주셨으면ㅠㅠ 말만 하지 말고 실천도 좀...,3,5,4,4,2,1,"유경아, 진짜 말빨 쩔어요 어떻게 그렇게 설득을 잘해요?는 의견이 있음. (표현 정제됨)",근데 일은 좀 제대로 해주셨으면 말만 하지 말고 실천도 좀는 의견이 있음. (표현 정제됨)
210,홍지수,장현성,현성씨 진짜 열정 넘치네요! 항상 신나게 일하는 모습이 보기 좋아요.,가끔은 너무 열정적이라 다른 사람들 페이스에 맞추기 힘들 때가 있어요. 조금만 조절해주세요ㅎㅎ,4,4,4,5,5,0,현성씨 진짜 열정 넘치네요! 항상 신나게 일하는 모습이 보기 좋아요.,가끔은 너무 열정적이라 다른 사람들 페이스에 맞추기 힘들 때가 있어요. 조금만 조절해주세요ㅎㅎ
211,이준영,오지원,오지원 대리는 업무 처리 능력이 탁월합니다. 특히 복잡한 데이터 분석 작업을 신속하고 정확하게 처리하는 모습이 인상적입니다.,가끔 업무에 너무 몰두한 나머지 주변 동료들과의 소통이 부족할 때가 있습니다. 정기적인 업무 공유 시간을 가지면 좋을 것 같습니다.,5,3,4,3,5,0,오지원 대리는 업무 처리 능력이 탁월합니다. 특히 복잡한 데이터 분석 작업을 신속하고 정확하게 처리하는 모습이 인상적입니다.,가끔 업무에 너무 몰두한 나머지 주변 동료들과의 소통이 부족할 때가 있습니다. 정기적인 업무 공유 시간을 가지면 좋을 것 같습니다.
212,이준영,권혁준,권혁준 과장은 팀 리더십이 뛰어납니다. 항상 명확한 방향을 제시하고 팀원들의 의견을 경청합니다.,가끔 완벽주의적 성향으로 의사결정이 지연되는 경우가 있습니다. 더 과감한 결정이 필요할 때도 있습니다.,4,5,5,5,4,0,권혁준 과장은 팀 리더십이 뛰어납니다. 항상 명확한 방향을 제시하고 팀원들의 의견을 경청합니다.,가끔 완벽주의적 성향으로 의사결정이 지연되는 경우가 있습니다. 더 과감한 결정이 필요할 때도 있습니다.
213,이준영,한지연,한지연 주임은 창의적인 문제 해결 능력이 돋보입니다. 항상 새로운 아이디어로 프로젝트에 기여합니다.,때론 현실성이 부족한 제안을 하기도 합니다. 아이디어의 실현 가능성을 좀 더 고려했으면 좋겠습니다.,4,4,4,5,3,0,한지연 주임은 창의적인 문제 해결 능력이 돋보입니다. 항상 새로운 아이디어로 프로젝트에 기여합니다.,때론 현실성이 부족한 제안을 하기도 합니다. 아이디어의 실현 가능성을 좀 더 고려했으면 좋겠습니다.
214,김도윤,장서연,장서연 대리는 데이터 분석 능력이 탁월합니다. 복잡한 데이터도 빠르고 정확하게 해석하여 의미 있는 인사이트를 도출해냅니다.,"다만, 분석 결과를 팀원들에게 설명할 때 너무 전문적인 용어를 사용하여 의사소통에 어려움이 있습니다. 좀 더 쉬운 언어로 설명하는 노력이 필요합니다.",5,3,4,3,5,0,장서연 대리는 데이터 분석 능력이 탁월합니다. 복잡한 데이터도 빠르고 정확하게 해석하여 의미 있는 인사이트를 도출해냅니다.,"다만, 분석 결과를 팀원들에게 설명할 때 너무 전문적인 용어를 사용하여 의사소통에 어려움이 있습니다. 좀 더 쉬운 언어로 설명하는 노력이 필요합니다."
215,김도윤,정현철,정현철 과장은 프로젝트 관리 능력이 뛰어납니다. 복잡한 프로젝트도 체계적으로 관리하며 일정과 품질을 모두 만족시키고 있습니다.,때로는 너무 완벽주의적인 성향으로 인해 팀원들에게 과도한 스트레스를 주는 경향이 있습니다. 조금 더 유연한 태도가 필요해 보입니다.,5,4,4,3,5,0,정현철 과장은 프로젝트 관리 능력이 뛰어납니다. 복잡한 프로젝트도 체계적으로 관리하며 일정과 품질을 모두 만족시키고 있습니다.,때로는 너무 완벽주의적인 성향으로 인해 팀원들에게 과도한 스트레스를 주는 경향이 있습니다. 조금 더 유연한 태도가 필요해 보입니다.
216,김도윤,신예린,신예린 주임은 고객 응대 능력이 뛰어납니다. 항상 친절하고 전문적인 태도로 고객 만족도를 높이고 있습니다.,내부 직원들과의 소통에는 다소 소극적인 모습을 보입니다. 팀 내 의사소통 참여도를 높일 필요가 있습니다.,4,3,5,3,4,0,신예린 주임은 고객 응대 능력이 뛰어납니다. 항상 친절하고 전문적인 태도로 고객 만족도를 높이고 있습니다.,내부 직원들과의 소통에는 다소 소극적인 모습을 보입니다. 팀 내 의사소통 참여도를 높일 필요가 있습니다.
217,박지영,임태준,"태준아, 넌 진짜 일 개쩔게 잘한다ㅋㅋ 어떻게 그렇게 빨리 처리해?",근데 말이 좀 거칠지 않냐?ㅋㅋ 동료들이랑 얘기할 때 좀만 부드럽게 해봐ㅋㅋㅋ,5,2,3,4,5,1,업무 수행이 우수하며 과업 처리 속도가 빠르다는 의견이 있음.,근데 말이 좀 거칠지 않냐? 동료들이랑 얘기할 때 좀만 부드럽게 해봐는 의견이 있음. (표현 정제됨)
218,박지영,강다현,"다현아, 넌 진짜 분위기 메이커다! 회식 때마다 없어서는 안 될 존재ㅋㅋ",근데 일은 좀 열심히 해줘라ㅠㅠ 너무 노는 데만 집중하는 거 아니야?,2,5,5,5,2,0,"다현아, 넌 진짜 분위기 메이커다! 회식 때마다 없어서는 안 될 존재ㅋㅋ",근데 일은 좀 열심히 해줘라ㅠㅠ 너무 노는 데만 집중하는 거 아니야?
219,박지영,황민준,"민준아, 발표 진짜 잘하더라~ 어떻게 그렇게 말을 잘해?",발표 준비하는 시간에 실제 업무도 좀 신경 썼으면 좋겠어ㅠㅠ,3,5,4,4,3,0,"민준아, 발표 진짜 잘하더라~ 어떻게 그렇게 말을 잘해?",발표 준비하는 시간에 실제 업무도 좀 신경 썼으면 좋겠어ㅠㅠ
220,이승호,김지원,김지원 책임님의 리더십은 정말 훌륭합니다. 팀원들의 의견을 경청하고 합리적인 의사결정을 내리십니다. 특히 위기 상황에서의 대처 능력이 뛰어납니다.,"다만, 때로는 의사결정 과정이 지나치게 길어지는 경향이 있습니다. 중요한 사안에 대해서는 좀 더 신속한 결정이 필요할 때도 있습니다.",5,4,5,5,5,0,김지원 책임님의 리더십은 정말 훌륭합니다. 팀원들의 의견을 경청하고 합리적인 의사결정을 내리십니다. 특히 위기 상황에서의 대처 능력이 뛰어납니다.,"다만, 때로는 의사결정 과정이 지나치게 길어지는 경향이 있습니다. 중요한 사안에 대해서는 좀 더 신속한 결정이 필요할 때도 있습니다."
221,이승호,송하영,송하영 대리는 창의적인 문제 해결 능력이 뛰어납니다. 항상 새로운 아이디어로 프로젝트에 활력을 불어넣습니다.,하지만 때로는 현실성이 떨어지는 제안을 하기도 합니다. 아이디어의 실현 가능성을 좀 더 고려했으면 좋겠습니다.,4,4,4,5,3,0,송하영 대리는 창의적인 문제 해결 능력이 뛰어납니다. 항상 새로운 아이디어로 프로젝트에 활력을 불어넣습니다.,하지만 때로는 현실성이 떨어지는 제안을 하기도 합니다. 아이디어의 실현 가능성을 좀 더 고려했으면 좋겠습니다.
222,이승호,조성준,조성준 과장은 업무 처리 속도가 매우 빠릅니다. 어떤 급한 업무라도 항상 기한 내에 처리해냅니다.,그러나 속도에 비해 결과물의 완성도가 떨어질 때가 있습니다. 조금 더 꼼꼼한 검토 과정이 필요해 보입니다.,4,4,4,4,5,0,조성준 과장은 업무 처리 속도가 매우 빠릅니다. 어떤 급한 업무라도 항상 기한 내에 처리해냅니다.,그러나 속도에 비해 결과물의 완성도가 떨어질 때가 있습니다. 조금 더 꼼꼼한 검토 과정이 필요해 보입니다.
223,최유진,백승우,백승우 님은 고객 응대 능력이 정말 뛰어나세요. 어떤 어려운 고객도 승우 씨가 응대하면 만족하고 돌아가요.,"다만, 가끔 고객의 무리한 요구사항도 들어주려다 회사 규정을 어기는 경우가 있어요. 규정 내에서의 최선을 다하는 것도 중요하답니다.",4,5,5,4,3,0,백승우 님은 고객 응대 능력이 정말 뛰어나세요. 어떤 어려운 고객도 승우 씨가 응대하면 만족하고 돌아가요.,"다만, 가끔 고객의 무리한 요구사항도 들어주려다 회사 규정을 어기는 경우가 있어요. 규정 내에서의 최선을 다하는 것도 중요하답니다."
224,최유진,정민아,민아 씨는 팀 분위기 메이커예요. 항상 밝고 긍정적인 에너지로 팀의 사기를 올려주죠.,하지만 가끔은 업무 시간에 너무 농담만 하는 것 같아요. 때와 장소를 가려 행동했으면 좋겠어요.,3,5,4,5,3,0,민아 씨는 팀 분위기 메이커예요. 항상 밝고 긍정적인 에너지로 팀의 사기를 올려주죠.,하지만 가끔은 업무 시간에 너무 농담만 하는 것 같아요. 때와 장소를 가려 행동했으면 좋겠어요.
225,최유진,윤재훈,재훈 씨는 업무 집중력이 대단해요. 한 번 일을 시작하면 끝날 때까지 집중해서 훌륭한 결과물을 만들어내죠.,그런데 가끔 너무 일에만 몰두해서 주변 동료들과의 소통을 소홀히 할 때가 있어요. 팀워크도 중요하다는 걸 기억해주세요.,5,3,4,3,5,0,재훈 씨는 업무 집중력이 대단해요. 한 번 일을 시작하면 끝날 때까지 집중해서 훌륭한 결과물을 만들어내죠.,그런데 가끔 너무 일에만 몰두해서 주변 동료들과의 소통을 소홀히 할 때가 있어요. 팀워크도 중요하다는 걸 기억해주세요.
226,강승민,이수빈,"이수빈 과장, 당신의 프레젠테이션 능력은 정말 놀랍습니다. 어떤 복잡한 내용도 명확하게 전달하는 모습이 인상적입니다.",하지만 때로는 너무 말로만 잘 하고 실제 행동이 따르지 않는 경우가 있습니다. 말한 대로 실천하는 모습을 보여주세요.,4,5,4,4,3,0,"이수빈 과장, 당신의 프레젠테이션 능력은 정말 놀랍습니다. 어떤 복잡한 내용도 명확하게 전달하는 모습이 인상적입니다.",하지만 때로는 너무 말로만 잘 하고 실제 행동이 따르지 않는 경우가 있습니다. 말한 대로 실천하는 모습을 보여주세요.
227,강승민,한승민,"한승민 님, 당신의 창의성과 혁신적인 사고방식은 우리 팀의 큰 자산입니다. 항상 새로운 시각으로 문제에 접근하시는 모습이 훌륭합니다.","다만, 때로는 너무 이상적인 해결책을 제시하여 현실적인 제약을 간과하는 경우가 있습니다. 현실성을 조금 더 고려해주시면 좋겠습니다.",5,4,5,4,4,0,"한승민 님, 당신의 창의성과 혁신적인 사고방식은 우리 팀의 큰 자산입니다. 항상 새로운 시각으로 문제에 접근하시는 모습이 훌륭합니다.","다만, 때로는 너무 이상적인 해결책을 제시하여 현실적인 제약을 간과하는 경우가 있습니다. 현실성을 조금 더 고려해주시면 좋겠습니다."
228,강승민,문지혜,"문지혜 주임, 당신의 꼼꼼함과 정확성은 정말 대단합니다. 특히 재무 관련 업무에서 당신의 능력은 필수적입니다.",그러나 가끔은 너무 세세한 것에 집착하여 전체적인 흐름을 놓치는 경우가 있습니다. 큰 그림을 보는 능력도 기르시면 좋겠습니다.,5,3,5,3,5,0,"문지혜 주임, 당신의 꼼꼼함과 정확성은 정말 대단합니다. 특히 재무 관련 업무에서 당신의 능력은 필수적입니다.",그러나 가끔은 너무 세세한 것에 집착하여 전체적인 흐름을 놓치는 경우가 있습니다. 큰 그림을 보는 능력도 기르시면 좋겠습니다.
229,정재훈,오승택,오승택 책임님 진짜 일 잘하시네요ㅋㅋ 어떻게 그렇게 꼼꼼하게 처리하세요?,근데 가끔 너무 꼼꼼해서 일이 느려질 때가 있어요. 좀 더 효율적으로 일했으면 좋겠어요ㅎㅎ,5,4,5,4,5,0,오승택 책임님 진짜 일 잘하시네요ㅋㅋ 어떻게 그렇게 꼼꼼하게 처리하세요?,근데 가끔 너무 꼼꼼해서 일이 느려질 때가 있어요. 좀 더 효율적으로 일했으면 좋겠어요ㅎㅎ
230,정재훈,김유나,"유나야, 진짜 말빨 쩔어요ㅋㅋㅋ 어떻게 그렇게 설득을 잘해요?",근데 일은 좀 제대로 해주셨으면ㅠㅠ 말만 하지 말고 실천도 좀...,3,5,4,4,2,1,"유나야, 진짜 말빨 쩔어요 어떻게 그렇게 설득을 잘해요?는 의견이 있음. (표현 정제됨)",근데 일은 좀 제대로 해주셨으면 말만 하지 말고 실천도 좀는 의견이 있음. (표현 정제됨)
231,정재훈,장민혁,민혁씨 진짜 열정 넘치네요! 항상 신나게 일하는 모습이 보기 좋아요.,가끔은 너무 열정적이라 다른 사람들 페이스에 맞추기 힘들 때가 있어요. 조금만 조절해주세요ㅎㅎ,4,4,4,5,5,0,민혁씨 진짜 열정 넘치네요! 항상 신나게 일하는 모습이 보기 좋아요.,가끔은 너무 열정적이라 다른 사람들 페이스에 맞추기 힘들 때가 있어요. 조금만 조절해주세요ㅎㅎ
232,임서연,김동현,김동현 대리는 업무 처리 능력이 탁월합니다. 특히 복잡한 데이터 분석 작업을 신속하고 정확하게 처리하는 모습이 인상적입니다.,가끔 업무에 너무 몰두한 나머지 주변 동료들과의 소통이 부족할 때가 있습니다. 정기적인 업무 공유 시간을 가지면 좋을 것 같습니다.,5,3,4,3,5,0,김동현 대리는 업무 처리 능력이 탁월합니다. 특히 복잡한 데이터 분석 작업을 신속하고 정확하게 처리하는 모습이 인상적입니다.,가끔 업무에 너무 몰두한 나머지 주변 동료들과의 소통이 부족할 때가 있습니다. 정기적인 업무 공유 시간을 가지면 좋을 것 같습니다.
233,임서연,박지현,박지현 과장은 팀 리더십이 뛰어납니다. 항상 명확한 방향을 제시하고 팀원들의 의견을 경청합니다.,가끔 완벽주의적 성향으로 의사결정이 지연되는 경우가 있습니다. 더 과감한 결정이 필요할 때도 있습니다.,4,5,5,5,4,0,박지현 과장은 팀 리더십이 뛰어납니다. 항상 명확한 방향을 제시하고 팀원들의 의견을 경청합니다.,가끔 완벽주의적 성향으로 의사결정이 지연되는 경우가 있습니다. 더 과감한 결정이 필요할 때도 있습니다.
234,임서연,최재원,최재원 주임은 창의적인 문제 해결 능력이 돋보입니다. 항상 새로운 아이디어로 프로젝트에 기여합니다.,때론 현실성이 부족한 제안을 하기도 합니다. 아이디어의 실현 가능성을 좀 더 고려했으면 좋겠습니다.,4,4,4,5,3,0,최재원 주임은 창의적인 문제 해결 능력이 돋보입니다. 항상 새로운 아이디어로 프로젝트에 기여합니다.,때론 현실성이 부족한 제안을 하기도 합니다. 아이디어의 실현 가능성을 좀 더 고려했으면 좋겠습니다.
235,김현우,이수진,이수진 대리는 데이터 분석 능력이 뛰어납니다. 복잡한 데이터도 빠르게 인사이트를 도출해내죠.,하지만 분석 결과를 설명할 때 너무 전문적인 용어를 사용해요. 좀 더 쉽게 설명해주면 좋겠어요.,5,3,4,4,5,0,이수진 대리는 데이터 분석 능력이 뛰어납니다. 복잡한 데이터도 빠르게 인사이트를 도출해내죠.,하지만 분석 결과를 설명할 때 너무 전문적인 용어를 사용해요. 좀 더 쉽게 설명해주면 좋겠어요.
236,김현우,박준서,박준서 과장님은 팀 관리 능력이 탁월하십니다. 항상 팀원들을 잘 이끌어주세요.,가끔 너무 완벽을 추구하셔서 팀원들이 부담을 느낄 때가 있어요. 조금만 여유를 가져주세요.,4,5,5,5,5,0,박준서 과장님은 팀 관리 능력이 탁월하십니다. 항상 팀원들을 잘 이끌어주세요.,가끔 너무 완벽을 추구하셔서 팀원들이 부담을 느낄 때가 있어요. 조금만 여유를 가져주세요.
237,김현우,정유미,정유미 주임은 창의력이 뛰어나요. 항상 새로운 아이디어를 제안해주죠.,때론 현실성이 떨어지는 제안을 할 때가 있어요. 실현 가능성도 함께 고려해주면 좋겠어요.,4,4,4,5,3,0,정유미 주임은 창의력이 뛰어나요. 항상 새로운 아이디어를 제안해주죠.,때론 현실성이 떨어지는 제안을 할 때가 있어요. 실현 가능성도 함께 고려해주면 좋겠어요.
238,장민서,강동훈,강동훈 씨는 진짜 일 처리가 빠르다니까요ㅋㅋ 어떻게 그렇게 빨리해요?,근데 말이 좀 거칠지 않아요?ㅋㅋ 동료들한테 좀만 부드럽게 대해봐요~,5,2,3,4,5,0,강동훈 씨는 진짜 일 처리가 빠르다니까요ㅋㅋ 어떻게 그렇게 빨리해요?,근데 말이 좀 거칠지 않아요?ㅋㅋ 동료들한테 좀만 부드럽게 대해봐요~
239,장민서,임지아,"지아야, 넌 진짜 분위기 메이커야! 네가 있어서 팀 분위기가 좋아~",근데 일도 열심히 했으면 좋겠어ㅠㅠ 놀 땐 놀고 일할 땐 일하자!,2,5,5,5,2,0,"지아야, 넌 진짜 분위기 메이커야! 네가 있어서 팀 분위기가 좋아~",근데 일도 열심히 했으면 좋겠어ㅠㅠ 놀 땐 놀고 일할 땐 일하자!
240,장민서,최재혁,"재혁아, 발표 진짜 잘하더라~ 어떻게 그렇게 말을 잘해?",발표 준비하는 시간에 실제 업무도 좀 신경 썼으면 좋겠어ㅠㅠ,3,5,4,4,3,0,"재혁아, 발표 진짜 잘하더라~ 어떻게 그렇게 말을 잘해?",발표 준비하는 시간에 실제 업무도 좀 신경 썼으면 좋겠어ㅠㅠ
241,윤성민,송지은,송지은 책임님은 프로젝트 관리 능력이 뛰어나십니다. 복잡한 프로젝트도 항상 잘 이끌어가세요.,"다만, 가끔 너무 많은 업무를 혼자 떠안으시는 것 같아요. 업무 분담을 좀 더 해보는 건 어떨까요?",5,4,5,4,5,0,송지은 책임님은 프로젝트 관리 능력이 뛰어나십니다. 복잡한 프로젝트도 항상 잘 이끌어가세요.,"다만, 가끔 너무 많은 업무를 혼자 떠안으시는 것 같아요. 업무 분담을 좀 더 해보는 건 어떨까요?"
242,윤성민,한지원,한지원 대리는 기술적 전문성이 정말 뛰어납니다. 새로운 기술 도입에 항상 앞장서시죠.,그런데 때로는 비즈니스적인 측면을 간과하는 경우가 있어요. 기술과 비즈니스의 균형을 맞춰주세요.,5,3,4,4,4,0,한지원 대리는 기술적 전문성이 정말 뛰어납니다. 새로운 기술 도입에 항상 앞장서시죠.,그런데 때로는 비즈니스적인 측면을 간과하는 경우가 있어요. 기술과 비즈니스의 균형을 맞춰주세요.
243,윤성민,오민준,오민준 주임은 고객 응대 능력이 탁월합니다. 항상 친절하고 전문적으로 대응하시죠.,내부 직원들과의 소통에는 좀 더 신경 써주셨으면 해요. 팀 내 의사소통도 중요하답니다.,4,3,5,3,4,0,오민준 주임은 고객 응대 능력이 탁월합니다. 항상 친절하고 전문적으로 대응하시죠.,내부 직원들과의 소통에는 좀 더 신경 써주셨으면 해요. 팀 내 의사소통도 중요하답니다.
244,이하은,김태형,"김태형 님, 당신의 분석적 사고력은 정말 대단해요. 복잡한 문제도 항상 명쾌하게 해결하시죠.",하지만 때로는 너무 분석에만 몰두해서 결정이 늦어질 때가 있어요. 적절한 타이밍에 결정을 내리는 것도 중요해요.,5,3,4,3,5,0,"김태형 님, 당신의 분석적 사고력은 정말 대단해요. 복잡한 문제도 항상 명쾌하게 해결하시죠.",하지만 때로는 너무 분석에만 몰두해서 결정이 늦어질 때가 있어요. 적절한 타이밍에 결정을 내리는 것도 중요해요.
245,이하은,박소영,소영 씨는 팀워크 능력이 뛰어나요. 항상 동료들을 배려하고 협력적인 태도를 보여주죠.,가끔은 자신의 의견을 좀 더 강하게 피력해도 좋을 것 같아요. 당신의 아이디어도 충분히 가치 있답니다.,4,5,5,5,4,0,소영 씨는 팀워크 능력이 뛰어나요. 항상 동료들을 배려하고 협력적인 태도를 보여주죠.,가끔은 자신의 의견을 좀 더 강하게 피력해도 좋을 것 같아요. 당신의 아이디어도 충분히 가치 있답니다.
246,이하은,정승호,승호 씨의 창의성은 정말 대단해요. 항상 새로운 시각으로 문제를 바라보시죠.,"다만, 때로는 너무 이상적인 해결책을 제시할 때가 있어요. 현실적인 제약도 함께 고려해주세요.",4,4,4,5,3,0,승호 씨의 창의성은 정말 대단해요. 항상 새로운 시각으로 문제를 바라보시죠.,"다만, 때로는 너무 이상적인 해결책을 제시할 때가 있어요. 현실적인 제약도 함께 고려해주세요."
247,최지훈,이은지,이은지 대리는 업무 처리 속도가 정말 빠릅니다. 어떤 급한 일이라도 척척 해내죠.,그런데 가끔은 속도에 치중하다 보니 細부적인 오류가 있을 때가 있어요. 조금만 더 꼼꼼히 체크해주세요.,5,4,4,4,5,0,이은지 대리는 업무 처리 속도가 정말 빠릅니다. 어떤 급한 일이라도 척척 해내죠.,그런데 가끔은 속도에 치중하다 보니 細부적인 오류가 있을 때가 있어요. 조금만 더 꼼꼼히 체크해주세요.
248,최지훈,강민호,강민호 과장님은 리더십이 뛰어나십니다. 팀원들을 잘 이끌어주시고 동기부여도 잘 해주세요.,때로는 너무 강한 추진력 때문에 팀원들이 부담을 느낄 수 있어요. 가끔은 여유를 가져보는 것도 좋겠습니다.,4,5,4,5,5,0,강민호 과장님은 리더십이 뛰어나십니다. 팀원들을 잘 이끌어주시고 동기부여도 잘 해주세요.,때로는 너무 강한 추진력 때문에 팀원들이 부담을 느낄 수 있어요. 가끔은 여유를 가져보는 것도 좋겠습니다.
249,최지훈,문예진,문예진 주임은 항상 밝고 긍정적인 에너지가 넘쳐요. 팀 분위기를 한층 좋게 만들어주죠.,하지만 가끔은 너무 즐거운 분위기에 빠져 업무에 집중력이 떨어질 때가 있어요. 때와 장소를 잘 구분해주세요.,3,5,5,5,3,0,문예진 주임은 항상 밝고 긍정적인 에너지가 넘쳐요. 팀 분위기를 한층 좋게 만들어주죠.,하지만 가끔은 너무 즐거운 분위기에 빠져 업무에 집중력이 떨어질 때가 있어요. 때와 장소를 잘 구분해주세요.
250,박현우,임서연,임서연 책임님은 전략적 사고 능력이 뛰어나세요. 항상 큰 그림을 잘 그리시죠.,"다만, 세부적인 실행 계획을 세우는 데는 약간의 어려움이 있어 보여요. 큰 그림과 함께 세부 계획도 잘 세워주시면 좋겠어요.",5,4,5,4,5,0,임서연 책임님은 전략적 사고 능력이 뛰어나세요. 항상 큰 그림을 잘 그리시죠.,"다만, 세부적인 실행 계획을 세우는 데는 약간의 어려움이 있어 보여요. 큰 그림과 함께 세부 계획도 잘 세워주시면 좋겠어요."
251,박현우,김동욱,김동욱 대리는 기술적 전문성이 정말 뛰어나요. 어떤 어려운 기술적 문제도 잘 해결하죠.,그런데 비개발자들과 소통할 때 너무 전문적인 용어를 사용해서 의사소통에 어려움이 있어요. 좀 더 쉬운 언어로 설명해주면 좋겠어요.,5,3,4,3,5,0,김동욱 대리는 기술적 전문성이 정말 뛰어나요. 어떤 어려운 기술적 문제도 잘 해결하죠.,그런데 비개발자들과 소통할 때 너무 전문적인 용어를 사용해서 의사소통에 어려움이 있어요. 좀 더 쉬운 언어로 설명해주면 좋겠어요.
252,박현우,장미란,장미란 주임은 고객 서비스 정신이 투철해요. 항상 고객 만족을 최우선으로 생각하죠.,때로는 고객의 무리한 요구사항까지 들어주려다 회사 규정을 어기는 경우가 있어요. 규정 내에서 최선을 다하는 것도 중요해요.,4,5,5,4,3,0,장미란 주임은 고객 서비스 정신이 투철해요. 항상 고객 만족을 최우선으로 생각하죠.,때로는 고객의 무리한 요구사항까지 들어주려다 회사 규정을 어기는 경우가 있어요. 규정 내에서 최선을 다하는 것도 중요해요.
253,황서영,신재호,"재호야, 넌 진짜 일 잘한다ㅋㅋ 어떻게 그렇게 빨리 처리해?",근데 말이 좀 거칠지 않냐?ㅋㅋ 동료들이랑 얘기할 때 좀만 부드럽게 해봐ㅋㅋㅋ,5,2,3,4,5,1,업무 수행이 우수하며 과업 처리 속도가 빠르다는 의견이 있음.,근데 말이 좀 거칠지 않냐? 동료들이랑 얘기할 때 좀만 부드럽게 해봐는 의견이 있음. (표현 정제됨)
254,황서영,윤지원,"지원아, 넌 진짜 분위기 메이커다! 회식 때마다 없어서는 안 될 존재ㅋㅋ",근데 일은 좀 열심히 해줘라ㅠㅠ 너무 노는 데만 집중하는 거 아니야?,2,5,5,5,2,0,"지원아, 넌 진짜 분위기 메이커다! 회식 때마다 없어서는 안 될 존재ㅋㅋ",근데 일은 좀 열심히 해줘라ㅠㅠ 너무 노는 데만 집중하는 거 아니야?
255,황서영,조현우,"현우야, 발표 진짜 잘하더라~ 어떻게 그렇게 말을 잘해?",발표 준비하는 시간에 실제 업무도 좀 신경 썼으면 좋겠어ㅠㅠ,3,5,4,4,3,0,"현우야, 발표 진짜 잘하더라~ 어떻게 그렇게 말을 잘해?",발표 준비하는 시간에 실제 업무도 좀 신경 썼으면 좋겠어ㅠㅠ
256,김민수,이지은,이지은 대리는 문서 작성 능력이 탁월해요. 복잡한 내용도 명확하고 간결하게 정리하죠.,다만 업무 처리 속도가 조금 느린 편이에요. 시간 관리 능력을 개선하면 좋겠어요.,4,5,5,4,4,0,이지은 대리는 문서 작성 능력이 탁월해요. 복잡한 내용도 명확하고 간결하게 정리하죠.,다만 업무 처리 속도가 조금 느린 편이에요. 시간 관리 능력을 개선하면 좋겠어요.
257,김민수,박준호,준호 씨는 기술적 전문성이 뛰어나요. 새로운 기술 도입에 항상 적극적이죠.,가끔 비즈니스적 관점을 놓치는 경우가 있어요. 기술과 비즈니스의 균형을 잡아주세요.,5,3,4,3,5,0,준호 씨는 기술적 전문성이 뛰어나요. 새로운 기술 도입에 항상 적극적이죠.,가끔 비즈니스적 관점을 놓치는 경우가 있어요. 기술과 비즈니스의 균형을 잡아주세요.
258,김민수,최유나,유나 씨는 팀워크 능력이 최고예요. 항상 동료들을 배려하고 협력적이에요.,때로는 자신의 의견을 더 적극적으로 표현해도 좋을 것 같아요.,3,5,5,5,4,0,유나 씨는 팀워크 능력이 최고예요. 항상 동료들을 배려하고 협력적이에요.,때로는 자신의 의견을 더 적극적으로 표현해도 좋을 것 같아요.
259,장예린,강도현,"도현아, 넌 진짜 일 처리가 빠르다ㅋㅋ 어떻게 그렇게 순식간에 해치워?",근데 말이 좀 거칠지 않냐?ㅋㅋ 동료들한테 좀만 부드럽게 대해봐ㅋㅋㅋ,5,2,3,4,5,1,업무 수행이 우수하며 과업 처리 속도가 빠르다는 의견이 있음.,근데 말이 좀 거칠지 않냐? 동료들한테 좀만 부드럽게 대해봐는 의견이 있음. (표현 정제됨)
260,장예린,서민주,"민주야, 넌 진짜 분위기 메이커야! 네가 있어서 팀 분위기가 좋아~",근데 업무도 좀 신경 썼으면 좋겠어ㅠㅠ 너무 노는 데만 집중하는 거 아니야?,2,5,5,5,2,0,"민주야, 넌 진짜 분위기 메이커야! 네가 있어서 팀 분위기가 좋아~",근데 업무도 좀 신경 썼으면 좋겠어ㅠㅠ 너무 노는 데만 집중하는 거 아니야?
261,장예린,임성우,"성우야, 프레젠테이션 진짜 잘하더라~ 어떻게 그렇게 말을 잘해?",발표 준비하는 시간에 실제 업무도 좀 신경 썼으면 좋겠어ㅠㅠ,3,5,4,4,3,0,"성우야, 프레젠테이션 진짜 잘하더라~ 어떻게 그렇게 말을 잘해?",발표 준비하는 시간에 실제 업무도 좀 신경 썼으면 좋겠어ㅠㅠ
262,황보영,정은지,정은지 책임님의 리더십은 정말 훌륭합니다. 팀원들의 의견을 잘 수렴하고 합리적인 의사결정을 내리십니다.,"다만, 가끔 의사결정이 너무 오래 걸릴 때가 있어요. 중요한 사안에서는 좀 더 신속한 결정이 필요할 것 같습니다.",5,4,5,5,5,0,정은지 책임님의 리더십은 정말 훌륭합니다. 팀원들의 의견을 잘 수렴하고 합리적인 의사결정을 내리십니다.,"다만, 가끔 의사결정이 너무 오래 걸릴 때가 있어요. 중요한 사안에서는 좀 더 신속한 결정이 필요할 것 같습니다."
263,황보영,김동현,김동현 대리는 창의적인 문제 해결 능력이 뛰어납니다. 늘 새로운 아이디어로 프로젝트에 활력을 불어넣죠.,하지만 때로는 현실성이 떨어지는 제안을 하기도 합니다. 실현 가능성을 좀 더 고려해주세요.,4,4,4,5,3,0,김동현 대리는 창의적인 문제 해결 능력이 뛰어납니다. 늘 새로운 아이디어로 프로젝트에 활력을 불어넣죠.,하지만 때로는 현실성이 떨어지는 제안을 하기도 합니다. 실현 가능성을 좀 더 고려해주세요.
264,황보영,이수진,이수진 과장은 업무 처리 속도가 매우 빠릅니다. 어떤 급한 업무라도 항상 기한 내에 처리해내요.,그러나 가끔은 속도에 치중하다 보니 결과물의 완성도가 떨어질 때가 있어요. 조금 더 꼼꼼한 검토가 필요해 보입니다.,4,4,4,4,5,0,이수진 과장은 업무 처리 속도가 매우 빠릅니다. 어떤 급한 업무라도 항상 기한 내에 처리해내요.,그러나 가끔은 속도에 치중하다 보니 결과물의 완성도가 떨어질 때가 있어요. 조금 더 꼼꼼한 검토가 필요해 보입니다.
265,송민준,윤서연,윤서연 님은 고객 응대 능력이 정말 뛰어나세요. 어떤 까다로운 고객도 만족시키시더라고요.,"다만, 가끔 고객의 무리한 요구까지 들어주려다 회사 규정을 어기는 경우가 있어요. 규정 준수도 중요해요.",4,5,5,4,3,0,윤서연 님은 고객 응대 능력이 정말 뛰어나세요. 어떤 까다로운 고객도 만족시키시더라고요.,"다만, 가끔 고객의 무리한 요구까지 들어주려다 회사 규정을 어기는 경우가 있어요. 규정 준수도 중요해요."
266,송민준,조현우,현우 씨는 팀 분위기 메이커예요. 항상 밝고 긍정적인 에너지로 팀을 이끌어주시죠.,하지만 가끔은 업무 시간에 너무 농담만 하는 것 같아요. 때와 장소를 가려 행동했으면 좋겠어요.,3,5,4,5,3,0,현우 씨는 팀 분위기 메이커예요. 항상 밝고 긍정적인 에너지로 팀을 이끌어주시죠.,하지만 가끔은 업무 시간에 너무 농담만 하는 것 같아요. 때와 장소를 가려 행동했으면 좋겠어요.
267,송민준,한지민,지민 씨는 업무 집중력이 대단해요. 한 번 일을 시작하면 끝날 때까지 집중해서 훌륭한 결과를 내죠.,그런데 가끔 너무 일에만 몰두해서 주변 동료들과의 소통을 소홀히 할 때가 있어요. 팀워크도 중요해요.,5,3,4,3,5,0,지민 씨는 업무 집중력이 대단해요. 한 번 일을 시작하면 끝날 때까지 집중해서 훌륭한 결과를 내죠.,그런데 가끔 너무 일에만 몰두해서 주변 동료들과의 소통을 소홀히 할 때가 있어요. 팀워크도 중요해요.
268,임지원,박성민,"박성민 과장, 당신의 프레젠테이션 능력은 정말 놀랍습니다. 복잡한 내용도 쉽게 전달하시더라고요.",하지만 때로는 말만 앞서고 실제 행동이 뒤따르지 않을 때가 있어요. 말한 대로 실천해주세요.,4,5,4,4,3,0,"박성민 과장, 당신의 프레젠테이션 능력은 정말 놀랍습니다. 복잡한 내용도 쉽게 전달하시더라고요.",하지만 때로는 말만 앞서고 실제 행동이 뒤따르지 않을 때가 있어요. 말한 대로 실천해주세요.
269,임지원,최지혜,"지혜 님, 당신의 창의성과 혁신적인 사고는 우리 팀의 큰 자산입니다. 항상 새로운 아이디어를 주셔서 감사해요.","다만, 때로는 너무 이상적인 해결책을 제시하여 현실성이 떨어질 때가 있어요. 현실적 제약도 고려해주세요.",5,4,5,4,4,0,"지혜 님, 당신의 창의성과 혁신적인 사고는 우리 팀의 큰 자산입니다. 항상 새로운 아이디어를 주셔서 감사해요.","다만, 때로는 너무 이상적인 해결책을 제시하여 현실성이 떨어질 때가 있어요. 현실적 제약도 고려해주세요."
270,임지원,강민서,"민서 씨, 당신의 꼼꼼함과 정확성은 정말 대단합니다. 특히 재무 관련 업무에서 큰 도움이 되고 있어요.",그러나 가끔은 너무 세세한 것에 집착하여 전체적인 흐름을 놓치는 경우가 있어요. 큰 그림도 봐주세요.,5,3,5,3,5,0,"민서 씨, 당신의 꼼꼼함과 정확성은 정말 대단합니다. 특히 재무 관련 업무에서 큰 도움이 되고 있어요.",그러나 가끔은 너무 세세한 것에 집착하여 전체적인 흐름을 놓치는 경우가 있어요. 큰 그림도 봐주세요.
271,정승현,오태윤,오태윤 책임님 진짜 일 잘하시네요ㅋㅋ 어떻게 그렇게 꼼꼼하게 처리하세요?,근데 가끔 너무 꼼꼼해서 일이 느려질 때가 있어요. 좀 더 효율적으로 일했으면 좋겠어요ㅎㅎ,5,4,5,4,5,0,오태윤 책임님 진짜 일 잘하시네요ㅋㅋ 어떻게 그렇게 꼼꼼하게 처리하세요?,근데 가끔 너무 꼼꼼해서 일이 느려질 때가 있어요. 좀 더 효율적으로 일했으면 좋겠어요ㅎㅎ
272,정승현,김서영,"서영아, 진짜 말빨 쩔어요ㅋㅋㅋ 어떻게 그렇게 설득을 잘해요?",근데 일은 좀 제대로 해주셨으면ㅠㅠ 말만 하지 말고 실천도 좀...,3,5,4,4,2,1,"서영아, 진짜 말빨 쩔어요 어떻게 그렇게 설득을 잘해요?는 의견이 있음. (표현 정제됨)",근데 일은 좀 제대로 해주셨으면 말만 하지 말고 실천도 좀는 의견이 있음. (표현 정제됨)
273,정승현,이준호,준호씨 진짜 열정 넘치네요! 항상 신나게 일하는 모습이 보기 좋아요.,가끔은 너무 열정적이라 다른 사람들 페이스에 맞추기 힘들 때가 있어요. 조금만 조절해주세요ㅎㅎ,4,4,4,5,5,0,준호씨 진짜 열정 넘치네요! 항상 신나게 일하는 모습이 보기 좋아요.,가끔은 너무 열정적이라 다른 사람들 페이스에 맞추기 힘들 때가 있어요. 조금만 조절해주세요ㅎㅎ
274,황지영,남궁민,남궁민 대리는 업무 처리 능력이 탁월합니다. 특히 복잡한 데이터 분석 작업을 신속하고 정확하게 처리하는 모습이 인상적입니다.,가끔 업무에 너무 몰두한 나머지 주변 동료들과의 소통이 부족할 때가 있습니다. 정기적인 업무 공유 시간을 가지면 좋을 것 같습니다.,5,3,4,3,5,0,남궁민 대리는 업무 처리 능력이 탁월합니다. 특히 복잡한 데이터 분석 작업을 신속하고 정확하게 처리하는 모습이 인상적입니다.,가끔 업무에 너무 몰두한 나머지 주변 동료들과의 소통이 부족할 때가 있습니다. 정기적인 업무 공유 시간을 가지면 좋을 것 같습니다.
275,황지영,송하늘,송하늘 과장은 팀 리더십이 뛰어납니다. 항상 명확한 방향을 제시하고 팀원들의 의견을 경청합니다.,가끔 완벽주의적 성향으로 의사결정이 지연되는 경우가 있습니다. 더 과감한 결정이 필요할 때도 있습니다.,4,5,5,5,4,0,송하늘 과장은 팀 리더십이 뛰어납니다. 항상 명확한 방향을 제시하고 팀원들의 의견을 경청합니다.,가끔 완벽주의적 성향으로 의사결정이 지연되는 경우가 있습니다. 더 과감한 결정이 필요할 때도 있습니다.
276,황지영,임지훈,임지훈 주임은 창의적인 문제 해결 능력이 돋보입니다. 항상 새로운 아이디어로 프로젝트에 기여합니다.,때론 현실성이 부족한 제안을 하기도 합니다. 아이디어의 실현 가능성을 좀 더 고려했으면 좋겠습니다.,4,4,4,5,3,0,임지훈 주임은 창의적인 문제 해결 능력이 돋보입니다. 항상 새로운 아이디어로 프로젝트에 기여합니다.,때론 현실성이 부족한 제안을 하기도 합니다. 아이디어의 실현 가능성을 좀 더 고려했으면 좋겠습니다.
277,박지훈,김민지,김민지 대리는 데이터 분석 능력이 뛰어납니다. 복잡한 데이터도 빠르게 인사이트를 도출해내죠.,하지만 분석 결과를 설명할 때 너무 전문적인 용어를 사용해요. 좀 더 쉽게 설명해주면 좋겠어요.,5,3,4,4,5,0,김민지 대리는 데이터 분석 능력이 뛰어납니다. 복잡한 데이터도 빠르게 인사이트를 도출해내죠.,하지만 분석 결과를 설명할 때 너무 전문적인 용어를 사용해요. 좀 더 쉽게 설명해주면 좋겠어요.
278,박지훈,이준영,-,-,3,3,3,3,3,1,특이사항 없음(서술 미제공).,특이사항 없음(서술 미제공).
279,박지훈,최서연,최서연 주임은 창의력이 뛰어나요. 항상 새로운 아이디어를 제안해주죠.,때론 현실성이 떨어지는 제안을 할 때가 있어요. 실현 가능성도 함께 고려해주면 좋겠어요.,4,4,4,5,3,0,최서연 주임은 창의력이 뛰어나요. 항상 새로운 아이디어를 제안해주죠.,때론 현실성이 떨어지는 제안을 할 때가 있어요. 실현 가능성도 함께 고려해주면 좋겠어요.
280,정혜원,강동훈,강동훈 씨는 진짜 일 처리가 빠르다니까요ㅋㅋ 어떻게 그렇게 빨리해요?,근데 말이 좀 거칠지 않아요?ㅋㅋ 동료들한테 좀만 부드럽게 대해봐요~,5,2,3,4,5,0,강동훈 씨는 진짜 일 처리가 빠르다니까요ㅋㅋ 어떻게 그렇게 빨리해요?,근데 말이 좀 거칠지 않아요?ㅋㅋ 동료들한테 좀만 부드럽게 대해봐요~
281,정혜원,임지아,"지아야, 넌 진짜 분위기 메이커야! 네가 있어서 팀 분위기가 좋아~",근데 일도 열심히 했으면 좋겠어ㅠㅠ 놀 땐 놀고 일할 땐 일하자!,2,5,5,5,2,0,"지아야, 넌 진짜 분위기 메이커야! 네가 있어서 팀 분위기가 좋아~",근데 일도 열심히 했으면 좋겠어ㅠㅠ 놀 땐 놀고 일할 땐 일하자!
282,정혜원,오태윤,-,-,3,3,3,3,3,1,특이사항 없음(서술 미제공).,특이사항 없음(서술 미제공).
283,김승우,송지은,송지은 책임님은 프로젝트 관리 능력이 뛰어나십니다. 복잡한 프로젝트도 항상 잘 이끌어가세요.,"다만, 가끔 너무 많은 업무를 혼자 떠안으시는 것 같아요. 업무 분담을 좀 더 해보는 건 어떨까요?",5,4,5,4,5,0,송지은 책임님은 프로젝트 관리 능력이 뛰어나십니다. 복잡한 프로젝트도 항상 잘 이끌어가세요.,"다만, 가끔 너무 많은 업무를 혼자 떠안으시는 것 같아요. 업무 분담을 좀 더 해보는 건 어떨까요?"
284,김승우,한지원,한지원 대리는 기술적 전문성이 정말 뛰어납니다. 새로운 기술 도입에 항상 앞장서시죠.,그런데 때로는 비즈니스적인 측면을 간과하는 경우가 있어요. 기술과 비즈니스의 균형을 맞춰주세요.,5,3,4,4,4,0,한지원 대리는 기술적 전문성이 정말 뛰어납니다. 새로운 기술 도입에 항상 앞장서시죠.,그런데 때로는 비즈니스적인 측면을 간과하는 경우가 있어요. 기술과 비즈니스의 균형을 맞춰주세요.
285,김승우,오민준,오민준 주임은 고객 응대 능력이 탁월합니다. 항상 친절하고 전문적으로 대응하시죠.,내부 직원들과의 소통에는 좀 더 신경 써주셨으면 해요. 팀 내 의사소통도 중요하답니다.,4,3,5,3,4,0,오민준 주임은 고객 응대 능력이 탁월합니다. 항상 친절하고 전문적으로 대응하시죠.,내부 직원들과의 소통에는 좀 더 신경 써주셨으면 해요. 팀 내 의사소통도 중요하답니다.
286,이지현,김태형,-,-,3,3,3,3,3,1,특이사항 없음(서술 미제공).,특이사항 없음(서술 미제공).
287,이지현,박소영,소영 씨는 팀워크 능력이 뛰어나요. 항상 동료들을 배려하고 협력적인 태도를 보여주죠.,가끔은 자신의 의견을 좀 더 강하게 피력해도 좋을 것 같아요. 당신의 아이디어도 충분히 가치 있답니다.,4,5,5,5,4,0,소영 씨는 팀워크 능력이 뛰어나요. 항상 동료들을 배려하고 협력적인 태도를 보여주죠.,가끔은 자신의 의견을 좀 더 강하게 피력해도 좋을 것 같아요. 당신의 아이디어도 충분히 가치 있답니다.
288,이지현,정승호,승호 씨의 창의성은 정말 대단해요. 항상 새로운 시각으로 문제를 바라보시죠.,"다만, 때로는 너무 이상적인 해결책을 제시할 때가 있어요. 현실적인 제약도 함께 고려해주세요.",4,4,4,5,3,0,승호 씨의 창의성은 정말 대단해요. 항상 새로운 시각으로 문제를 바라보시죠.,"다만, 때로는 너무 이상적인 해결책을 제시할 때가 있어요. 현실적인 제약도 함께 고려해주세요."
289,최지훈,이은지,이은지 대리는 업무 처리 속도가 정말 빠릅니다. 어떤 급한 일이라도 척척 해내죠.,그런데 가끔은 속도에 치중하다 보니 細부적인 오류가 있을 때가 있어요. 조금만 더 꼼꼼히 체크해주세요.,5,4,4,4,5,0,이은지 대리는 업무 처리 속도가 정말 빠릅니다. 어떤 급한 일이라도 척척 해내죠.,그런데 가끔은 속도에 치중하다 보니 細부적인 오류가 있을 때가 있어요. 조금만 더 꼼꼼히 체크해주세요.
290,최지훈,강민호,강민호 과장님은 리더십이 뛰어나십니다. 팀원들을 잘 이끌어주시고 동기부여도 잘 해주세요.,때로는 너무 강한 추진력 때문에 팀원들이 부담을 느낄 수 있어요. 가끔은 여유를 가져보는 것도 좋겠습니다.,4,5,4,5,5,0,강민호 과장님은 리더십이 뛰어나십니다. 팀원들을 잘 이끌어주시고 동기부여도 잘 해주세요.,때로는 너무 강한 추진력 때문에 팀원들이 부담을 느낄 수 있어요. 가끔은 여유를 가져보는 것도 좋겠습니다.
291,최지훈,문예진,-,-,3,3,3,3,3,1,특이사항 없음(서술 미제공).,특이사항 없음(서술 미제공).
292,황서연,임서연,임서연 책임님은 전략적 사고 능력이 뛰어나세요. 항상 큰 그림을 잘 그리시죠.,"다만, 세부적인 실행 계획을 세우는 데는 약간의 어려움이 있어 보여요. 큰 그림과 함께 세부 계획도 잘 세워주시면 좋겠어요.",5,4,5,4,5,0,임서연 책임님은 전략적 사고 능력이 뛰어나세요. 항상 큰 그림을 잘 그리시죠.,"다만, 세부적인 실행 계획을 세우는 데는 약간의 어려움이 있어 보여요. 큰 그림과 함께 세부 계획도 잘 세워주시면 좋겠어요."
293,황서연,김동욱,김동욱 대리는 기술적 전문성이 정말 뛰어나요. 어떤 어려운 기술적 문제도 잘 해결하죠.,그런데 비개발자들과 소통할 때 너무 전문적인 용어를 사용해서 의사소통에 어려움이 있어요. 좀 더 쉬운 언어로 설명해주면 좋겠어요.,5,3,4,3,5,0,김동욱 대리는 기술적 전문성이 정말 뛰어나요. 어떤 어려운 기술적 문제도 잘 해결하죠.,그런데 비개발자들과 소통할 때 너무 전문적인 용어를 사용해서 의사소통에 어려움이 있어요. 좀 더 쉬운 언어로 설명해주면 좋겠어요.
294,황서연,장미란,장미란 주임은 고객 서비스 정신이 투철해요. 항상 고객 만족을 최우선으로 생각하죠.,때로는 고객의 무리한 요구사항까지 들어주려다 회사 규정을 어기는 경우가 있어요. 규정 내에서 최선을 다하는 것도 중요해요.,4,5,5,4,3,0,장미란 주임은 고객 서비스 정신이 투철해요. 항상 고객 만족을 최우선으로 생각하죠.,때로는 고객의 무리한 요구사항까지 들어주려다 회사 규정을 어기는 경우가 있어요. 규정 내에서 최선을 다하는 것도 중요해요.
295,강민혁,오세훈,XX 일은 개XX같이 잘하네. 어떻게 그렇게 빨리 처리하는 거야?,"근데 성격은 왜 그 모양이냐? XX아, 좀 상냥하게 굴어봐라. 그 XX같은 성격 좀 고치자.",5,1,1,1,5,1,업무 수행이 우수하며 과업 처리 속도가 빠르다는 의견이 있음.,대인관계 및 협업 태도 측면에서 보다 건설적인 소통이 필요하다는 의견이 있음.
296,강민혁,김지원,지원이 너 대체 뭐하는 거야? 일 좀 제대로 해라 XX아.,정신 좀 차리고 일해라. 이러다 잘리는 수가 있어.,1,2,3,2,1,1,협업 과정에서 긍정적 상호작용이 있었다는 의견이 있음(표현 정제됨).,정신 좀 차리고 일해라. 이러다 잘리는 수가 있어는 의견이 있음. (표현 정제됨)
297,강민혁,이민준,민준이 너는 그나마 좀 낫다. 일은 어떻게 좀 하네.,근데 말이 좀 많은 거 같아. 입 좀 다물고 일이나 해.,4,2,3,3,4,0,민준이 너는 그나마 좀 낫다. 일은 어떻게 좀 하네.,근데 말이 좀 많은 거 같아. 입 좀 다물고 일이나 해.
298,이상철,박지영,박지영 대리는 데이터 분석 능력이 뛰어나요. 복잡한 데이터도 빠르게 인사이트를 도출해내죠.,"다만, 분석 결과를 설명할 때 너무 전문적인 용어를 사용해서 다른 팀원들이 이해하기 어려워해요. 좀 더 쉽게 설명하는 노력이 필요해 보입니다.",5,3,4,4,5,0,박지영 대리는 데이터 분석 능력이 뛰어나요. 복잡한 데이터도 빠르게 인사이트를 도출해내죠.,"다만, 분석 결과를 설명할 때 너무 전문적인 용어를 사용해서 다른 팀원들이 이해하기 어려워해요. 좀 더 쉽게 설명하는 노력이 필요해 보입니다."
299,이상철,김현우,현우 씨는 팀 분위기 메이커예요. 항상 밝은 에너지로 팀을 이끌어주죠.,하지만 가끔은 업무 시간에 너무 장난스러운 면이 있어요. 때와 장소를 가려서 행동했으면 좋겠어요.,3,5,4,5,3,0,현우 씨는 팀 분위기 메이커예요. 항상 밝은 에너지로 팀을 이끌어주죠.,하지만 가끔은 업무 시간에 너무 장난스러운 면이 있어요. 때와 장소를 가려서 행동했으면 좋겠어요.
300,이상철,정민서,정민서 주임의 책임감은 정말 대단해요. 맡은 일은 끝까지 해내는 모습이 인상적입니다.,그런데 가끔 혼자 모든 걸 떠안으려고 해서 오히려 일의 효율이 떨어지는 것 같아요. 팀원들과 적절히 업무를 분담하는 게 어떨까요?,4,3,5,3,5,0,정민서 주임의 책임감은 정말 대단해요. 맡은 일은 끝까지 해내는 모습이 인상적입니다.,그런데 가끔 혼자 모든 걸 떠안으려고 해서 오히려 일의 효율이 떨어지는 것 같아요. 팀원들과 적절히 업무를 분담하는 게 어떨까요?
